1000 294.43701 -444024.72 -440518.46 8.71176 10.370828 5.1854138
2000 296.71615 -444051.94 -440518.54 11.0272 2.8477596 4.4061957
3000 296.42434 -444047.34 -440517.42 17.9073 16.341893 7.3901201
4000 296.86152 -444053.31 -440518.19 23.0552 14.228912 8.7578784
5000 290.71397 -443979.88 -440517.96 31.6208 21.491243 10.880106
6000 303.74256 -444135.78 -440518.71 36.2804 17.175699 11.779476
7000 298.53798 -444073.22 -440518.13 41.0534 24.305917 13.345281
8000 302.7232 -444123.75 -440518.82 43.1226 11.509443 13.141299
9000 298.86195 -444076.97 -440518.02 48.2558 2.5826853 12.085438
10000 299.4102 -444083.03 -440517.55 52.9673 10.088871 11.903932
11000 299.63447 -444086.41 -440518.26 57.3094 36.929679 13.989411
12000 301.7296 -444111.16 -440518.06 65.5771 25.247949 14.855452
13000 301.54589 -444109.31 -440518.4 67.5666 12.366815 14.677692
14000 299.68676 -444087.12 -440518.35 76.2834 4.2610479 13.983249
15000 298.16432 -444069.38 -440518.73 84.2807 21.660863 14.4631
16000 293.98444 -444018.12 -440517.26 88.7825 27.88329 15.252523
17000 303.90992 -444137.19 -440518.13 95.6215 27.452981 15.930326
18000 297.87059 -444065.31 -440518.17 97.5947 32.959092 16.826577
19000 299.97562 -444090.34 -440518.13 102.698 30.003588 17.485428
20000 295.27876 -444035.62 -440519.35 107.363 24.259715 17.808013
21000 297.48447 -444060.94 -440518.39 111.042 42.335122 18.922881
22000 298.22441 -444068.91 -440517.55 116.396 47.058177 20.146155
23000 298.13576 -444068.09 -440517.79 124.088 46.40773 21.240387
24000 298.40621 -444072.28 -440518.76 129.067 68.518928 23.131529
25000 293.93537 -444017.81 -440517.53 136.606 55.981544 24.394991
26000 300.00398 -444091.53 -440518.98 138.594 44.052812 25.123059
27000 298.5593 -444074.47 -440519.12 143.193 47.079349 25.907212
28000 296.87072 -444053.47 -440518.23 147.172 46.292596 26.610156
29000 293.69508 -444014.78 -440517.36 151.83 57.039261 27.62446
30000 301.07611 -444103.53 -440518.22 156.734 48.575088 28.300286
31000 299.20435 -444081.91 -440518.88 158.322 60.302008 29.30034
32000 296.54202 -444049.34 -440518.02 160.072 48.587217 29.884791
33000 304.45575 -444143.81 -440518.25 162.284 46.354677 30.369199
34000 299.81992 -444088.88 -440518.52 164.264 33.179335 30.449489
35000 299.05904 -444078.72 -440517.42 168.563 25.599592 30.31477
36000 296.02982 -444043.03 -440517.81 173.181 36.133741 30.472039
37000 298.13195 -444068.31 -440518.06 182.267 44.204616 30.833423
38000 301.17319 -444104.12 -440517.65 187.067 39.94743 31.067115
39000 300.55482 -444097.5 -440518.39 189.054 43.416455 31.375849
40000 296.65225 -444050.19 -440517.55 194.82 46.296254 31.739761
41000 295.41207 -444035.44 -440517.57 199.18 42.974012 32.007243
42000 300.02759 -444091.59 -440518.76 206.36 42.91271 32.260859
43000 302.68353 -444122.72 -440518.26 210.814 36.469111 32.356501
44000 304.56402 -444145.06 -440518.21 213.258 33.252357 32.376409
45000 299.09786 -444079.44 -440517.68 217.58 36.639533 32.469085
46000 300.10442 -444091.75 -440518.01 221.574 51.484039 32.873659
47000 301.4624 -444107.91 -440517.99 226.586 52.869988 33.290249
48000 303.69846 -444134.22 -440517.68 231.263 45.666229 33.54282
49000 305.97997 -444161.09 -440517.38 235.31 45.803585 33.788035
50000 298.92478 -444078 -440518.3 240.651 26.942719 33.653813
51000 296.14395 -444045 -440518.42 249.251 43.981856 33.85243
52000 297.17714 -444056.53 -440517.65 250.938 49.221023 34.142403
53000 302.68543 -444122.91 -440518.43 252.698 43.638016 34.318248
54000 303.64851 -444134.31 -440518.36 256.866 53.000563 34.657926
55000 303.72584 -444135.81 -440518.94 262.331 28.599108 34.549733
56000 296.96625 -444053.81 -440517.44 269.636 38.598525 34.620764
57000 301.02813 -444102.38 -440517.63 274.327 47.56846 34.844001
58000 299.39396 -444082.97 -440517.68 281.691 37.318145 34.885935
59000 300.33376 -444094.72 -440518.24 283.143 38.640352 34.948509
60000 299.52834 -444085.06 -440518.18 284.453 48.175264 35.165341
61000 299.40419 -444082.69 -440517.28 291.326 41.374175 35.265483
62000 292.66313 -444002.97 -440517.84 295.702 34.019571 35.245707
63000 298.11817 -444068.5 -440518.41 297.788 35.473326 35.249264
64000 296.74395 -444051.88 -440518.15 302.645 39.145524 35.309206
65000 294.93114 -444029.47 -440517.33 309.969 49.340708 35.521805
66000 298.68183 -444075.25 -440518.45 312.382 47.390831 35.698954
67000 301.31396 -444106.25 -440518.1 317.128 51.75991 35.935145
68000 299.97516 -444090.38 -440518.17 324.493 48.00164 36.110021
69000 298.34117 -444070.75 -440518 326.999 55.012642 36.380059
70000 297.31906 -444057.44 -440516.86 333.906 48.526954 36.551142
71000 296.00756 -444042.34 -440517.39 338.309 35.157987 36.531793
72000 294.77765 -444027.62 -440517.31 340.425 44.477293 36.640635
73000 299.34739 -444082.44 -440517.71 342.625 44.498214 36.746819
74000 300.16927 -444092.28 -440517.76 344.437 39.019253 36.777118
75000 301.8148 -444111.81 -440517.7 345.929 39.053573 36.807071
76000 296.45783 -444048.75 -440518.43 350.385 49.987253 36.978242
77000 301.50282 -444109.03 -440518.63 357.947 52.474264 37.176909
78000 300.59723 -444097.78 -440518.17 359.389 61.944239 37.49042
79000 298.68179 -444074.47 -440517.67 367.445 75.211216 37.96193
80000 302.14869 -444116.25 -440518.16 374.737 70.114798 38.358879
81000 300.10334 -444091.53 -440517.8 376.653 58.660174 38.606455
82000 296.62665 -444050.69 -440518.36 383.534 55.034044 38.804378
83000 294.29315 -444022.19 -440517.65 388.746 52.095156 38.962602
84000 297.91991 -444065.88 -440518.14 390.647 48.414229 39.073797
85000 301.87351 -444113.25 -440518.44 392.334 43.599525 39.126422
86000 302.71011 -444122.59 -440517.82 394.228 36.396665 39.095046
87000 297.2936 -444058.41 -440518.13 399.242 45.584693 39.168791
88000 298.12359 -444067.41 -440517.25 403.963 48.847914 39.277546
89000 299.53883 -444085.25 -440518.24 405.536 55.58423 39.458731
90000 301.83852 -444112.5 -440518.11 410.652 61.917075 39.705526
91000 298.23186 -444069.97 -440518.52 415.541 43.496011 39.746727
92000 298.58304 -444073.56 -440517.94 422.17 52.791886 39.886998
93000 302.25311 -444117.28 -440517.95 424.507 53.66664 40.033589
94000 298.72656 -444075.81 -440518.48 431.325 65.019411 40.296598
95000 299.50626 -444084.59 -440517.97 439.499 51.144643 40.409599
96000 298.01146 -444066.72 -440517.9 446.464 63.251614 40.645083
97000 294.32535 -444022.66 -440517.73 451.094 60.012033 40.842705
98000 299.28466 -444082.47 -440518.49 458.996 62.636349 41.062843
99000 297.55407 -444061.84 -440518.47 466.384 60.575322 41.257968
100000 296.34873 -444047.47 -440518.45 472.997 54.193599 41.386043
101000 299.31842 -444083.62 -440519.24 480.166 62.900226 41.596967
102000 304.2902 -444141.88 -440518.28 488.108 58.356738 41.759683
103000 301.87285 -444111.97 -440517.17 492.739 84.722208 42.172784
104000 298.20801 -444068.56 -440517.4 494.561 76.014882 42.49509
105000 301.31022 -444105.97 -440517.87 499.368 62.222575 42.681198
106000 297.86033 -444065.75 -440518.73 503.89 29.427786 42.557335
107000 298.7121 -444075.03 -440517.87 507.614 50.834155 42.633972
108000 296.7962 -444051.31 -440516.96 509.518 63.172677 42.8224
109000 300.96366 -444102.84 -440518.87 517.158 74.05304 43.106315
110000 305.81483 -444160.28 -440518.54 521.498 60.888634 43.266516
111000 303.39683 -444131.62 -440518.67 528.953 82.414711 43.616054
112000 301.22357 -444104.38 -440517.3 533.986 73.563644 43.881077
113000 305.14036 -444152.34 -440518.63 544.109 77.280933 44.174058
114000 301.54209 -444109 -440518.14 550.547 90.165293 44.573982
115000 301.5618 -444109.41 -440518.31 552.56 60.500222 44.711277
116000 294.05176 -444019.03 -440517.36 554.34 66.731186 44.899481
117000 303.56191 -444132.69 -440517.77 559.42 53.960324 44.976268
118000 303.75751 -444135.59 -440518.35 564.269 57.235102 45.079283
119000 299.60835 -444086.69 -440518.85 566.14 67.815729 45.268754
120000 297.84411 -444064.09 -440517.27 569.369 71.44455 45.485083
121000 298.22679 -444069.59 -440518.21 573.399 46.503134 45.493427
122000 299.84693 -444088.22 -440517.54 577.292 54.348883 45.565423
123000 299.31813 -444082.16 -440517.78 584.424 57.847668 45.664473
124000 298.83881 -444077.03 -440518.36 586.006 74.951676 45.898771
125000 300.10409 -444091.44 -440517.7 591.396 58.926974 46.002169
126000 300.52195 -444097.06 -440518.35 593.029 62.175382 46.129517
127000 298.375 -444071.59 -440518.44 597.801 68.880436 46.307259
128000 298.76029 -444076.41 -440518.67 603.606 59.531877 46.409775
129000 299.38566 -444082.88 -440517.69 611.386 56.889938 46.490392
130000 302.23905 -444117 -440517.84 616.479 49.303992 46.51187
131000 297.4074 -444059.19 -440517.56 621.006 54.386249 46.571524
132000 302.16309 -444116.12 -440517.87 627.594 68.805811 46.738699
133000 298.28773 -444069.56 -440517.45 635.751 56.965318 46.815017
134000 300.66195 -444098.47 -440518.09 642.212 75.254356 47.025679
135000 297.17523 -444056.38 -440517.51 645.811 83.580484 47.294464
136000 300.17444 -444092.78 -440518.2 647.648 64.245178 47.418192
137000 293.54 -444013.62 -440518.05 650.178 58.872508 47.501195
138000 296.82076 -444052.28 -440517.64 654.551 71.624556 47.674744
139000 300.76847 -444099.88 -440518.22 660.108 59.351056 47.758146
140000 297.35816 -444058.91 -440517.87 661.843 64.576625 47.877426
141000 298.27603 -444070.38 -440518.4 666.861 60.698642 47.967716
142000 297.3498 -444058.78 -440517.84 668.619 52.549036 47.999754
143000 298.46611 -444071.72 -440517.48 673.596 57.005225 48.062292
144000 300.0914 -444091.91 -440518.32 678.746 52.215792 48.090936
145000 295.48766 -444035.84 -440517.08 685.859 35.809636 48.006818
146000 294.74225 -444027.78 -440517.89 694.536 37.915527 47.93817
147000 297.77333 -444063.91 -440517.92 703.076 56.877994 47.998574
148000 299.61928 -444085.75 -440517.78 710.466 58.856087 48.071443
149000 296.30293 -444047.12 -440518.65 715.022 59.504931 48.147666
150000 301.80548 -444112.31 -440518.31 716.895 58.067145 48.213358
151000 300.69807 -444098.56 -440517.75 718.549 61.769397 48.302543
152000 298.94106 -444078.41 -440518.52 720.511 51.965159 48.326481
153000 295.74305 -444039.53 -440517.72 722.098 32.840711 48.225925
154000 299.40122 -444083.56 -440518.19 726.078 38.805068 48.165145
155000 298.76365 -444075.62 -440517.85 733.751 49.454242 48.173408
156000 299.11924 -444079.94 -440517.93 737.757 61.652099 48.25926
157000 300.37838 -444094.94 -440517.93 739.98 57.573177 48.318209
158000 298.27146 -444070.25 -440518.33 744.399 47.658476 48.314059
159000 302.54773 -444120.94 -440518.1 750.7 48.928447 48.317899
160000 297.41365 -444059.47 -440517.77 751.885 49.908681 48.32778
161000 305.51343 -444156.12 -440517.97 756.318 54.296861 48.364626
162000 295.07146 -444032.44 -440518.63 762.023 36.797037 48.293659
163000 300.55336 -444097.22 -440518.13 767.514 45.301047 48.275412
164000 302.51763 -444121.44 -440518.96 771.313 55.969964 48.322045
165000 302.33962 -444118 -440517.64 777.82 53.359013 48.352388
166000 294.22831 -444021.88 -440518.11 779.579 59.243854 48.417607
167000 297.85367 -444065.12 -440518.18 783.483 50.272046 48.428645
168000 295.99683 -444042.19 -440517.36 787.424 65.466199 48.529459
169000 296.10254 -444044.12 -440518.04 792.087 50.777729 48.542684
170000 297.75546 -444063.84 -440518.07 800.488 51.533664 48.560175
171000 302.83204 -444123.97 -440517.74 805.715 46.881233 48.550414
172000 298.23061 -444069.69 -440518.26 807.996 41.089692 48.507288
173000 300.68849 -444098.53 -440517.83 814.929 58.613457 48.56537
174000 299.19236 -444081.5 -440518.62 819.3 63.561211 48.65106
175000 298.73403 -444075.53 -440518.11 821.886 48.829788 48.652076
176000 301.53803 -444108.47 -440517.65 823.85 47.740389 48.646925
177000 301.87418 -444113.53 -440518.71 827.977 69.998194 48.766876
178000 301.82348 -444112.72 -440518.5 834.431 65.40682 48.859837
179000 301.98598 -444114.44 -440518.29 838.728 63.182466 48.939407
180000 301.24514 -444105.84 -440518.52 842.069 58.200812 48.990575
181000 295.21696 -444034.16 -440518.61 845.489 46.427442 48.976492
182000 305.49495 -444156.25 -440518.31 847.794 36.217522 48.906771
183000 301.86242 -444113.47 -440518.79 854.123 45.672925 48.889195
184000 299.91062 -444089.16 -440517.72 858.789 53.57965 48.914549
185000 302.35794 -444119.03 -440518.45 862.267 56.264586 48.954065
186000 301.7759 -444111.72 -440518.07 867.49 49.768675 48.958422
187000 302.40983 -444119.66 -440518.46 873.987 37.323936 48.896536
188000 300.18625 -444092.03 -440517.31 881.508 34.4997 48.820362
189000 301.62356 -444110.88 -440519.04 886.61 49.709502 48.825042
190000 298.39333 -444071.59 -440518.23 888.915 58.213166 48.874194
191000 305.29748 -444154 -440518.41 890.564 66.892209 48.968038
192000 299.29561 -444081.09 -440516.98 892.552 58.134541 49.015533
193000 295.88211 -444040.59 -440517.13 897.315 51.972112 49.030773
194000 300.47181 -444096.34 -440518.22 899.055 53.20379 49.052173
195000 299.70387 -444087.22 -440518.24 902.948 53.171736 49.073192
196000 293.76362 -444015.28 -440517.05 907.242 55.201763 49.104301
197000 296.62438 -444050.75 -440518.45 911.625 52.967409 49.123812
198000 301.33782 -444106.28 -440517.85 919.755 53.769218 49.147155
199000 302.35336 -444118.66 -440518.13 924.262 56.390698 49.183373
200000 297.92299 -444066.41 -440518.64 931.702 51.295213 49.19388
201000 302.65175 -444122.09 -440518.01 938.852 67.042604 49.28224
202000 301.81461 -444112.25 -440518.14 943.106 64.597718 49.357686
203000 299.84993 -444088.5 -440517.79 944.167 48.404385 49.353012
204000 298.94338 -444078.66 -440518.74 948.484 45.944595 49.336386
205000 299.5562 -444085 -440517.78 953.537 48.639215 49.333002
206000 298.16612 -444069.22 -440518.56 959.868 50.013735 49.33629
207000 299.83598 -444088.31 -440517.76 964.922 51.219233 49.345343
208000 300.18017 -444092.62 -440517.98 972.478 34.760854 49.275561
209000 296.85599 -444052.41 -440517.35 977.467 58.875416 49.321274
210000 300.88381 -444100.69 -440517.66 986.716 46.244293 49.306691
211000 300.50642 -444095.91 -440517.37 991.068 68.680468 49.398077
212000 301.0591 -444102.31 -440517.2 996.213 61.726384 49.455957
213000 295.42298 -444035.62 -440517.63 1003.73 51.762187 49.466733
214000 298.66289 -444074.19 -440517.61 1009.84 71.100251 49.567354
215000 297.77773 -444064.34 -440518.31 1018.04 70.213996 49.662941
216000 301.64534 -444109.66 -440517.56 1023.65 60.537974 49.713056
217000 300.72747 -444098.81 -440517.65 1025.73 54.341538 49.734288
218000 297.35765 -444058.75 -440517.72 1031.44 59.085047 49.776985
219000 299.04876 -444078.84 -440517.67 1035.48 58.235424 49.815433
220000 298.96629 -444077.69 -440517.5 1039.59 55.673279 49.841939
221000 296.5681 -444048.62 -440516.99 1044.8 57.749936 49.87756
222000 295.86307 -444041.12 -440517.89 1050.45 64.472076 49.943006
223000 297.96847 -444066 -440517.69 1057.18 58.604688 49.981675
224000 301.14403 -444104.19 -440518.06 1062.27 60.090019 50.026601
225000 305.61205 -444157.72 -440518.39 1070.07 64.728659 50.091654
226000 298.38305 -444071.5 -440518.25 1074 70.759082 50.1827
227000 298.25757 -444068.31 -440516.56 1082.76 72.40689 50.280174
228000 296.45656 -444048.03 -440517.73 1090.12 52.925248 50.291725
229000 302.59192 -444121.53 -440518.16 1094.87 67.919374 50.368367
230000 296.35247 -444046.47 -440517.4 1099.86 56.541254 50.395089
231000 300.67071 -444098.47 -440517.98 1104.52 61.282972 50.44202
232000 294.17886 -444020.38 -440517.19 1110.36 63.03982 50.496088
233000 298.18981 -444068.66 -440517.71 1117.93 65.213129 50.558981
234000 298.23691 -444069.12 -440517.62 1124.67 68.841446 50.636779
235000 294.63443 -444026.53 -440517.93 1126.5 64.515933 50.695589
236000 299.89391 -444089.62 -440518.39 1130.94 56.57856 50.720411
237000 299.54806 -444085 -440517.88 1132.75 56.150961 50.743229
238000 297.47441 -444060.81 -440518.39 1137.3 50.586642 50.742574
239000 299.38319 -444083.16 -440518 1143.95 41.534136 50.704205
240000 300.05816 -444090.47 -440517.28 1148.37 49.874577 50.700763
241000 303.3852 -444130.97 -440518.16 1153.99 63.14348 50.752179
242000 298.05917 -444067.25 -440517.86 1158.53 64.05499 50.806923
243000 300.55803 -444097.06 -440517.92 1160.32 63.459694 50.858779
244000 300.15205 -444092.44 -440518.13 1165.56 60.943923 50.899943
245000 299.40281 -444084.12 -440518.74 1170.26 49.037862 50.892373
246000 296.72855 -444050.94 -440517.39 1171.82 60.567435 50.931543
247000 296.87318 -444053.28 -440518.02 1177.87 50.88702 50.931364
248000 298.57823 -444073.03 -440517.46 1182.43 42.188371 50.896251
249000 297.58899 -444061.41 -440517.62 1190.89 38.765564 50.847729
250000 297.7136 -444063.47 -440518.2 1196.32 43.171429 50.817146
251000 298.46453 -444072.81 -440518.6 1201.26 34.306245 50.751626
252000 300.92437 -444100.69 -440517.18 1207.12 35.812086 50.692577
253000 299.99001 -444090.66 -440518.27 1209.68 36.738324 50.637639
254000 300.662 -444098.44 -440518.05 1218.41 38.027514 50.588187
255000 298.81033 -444076.5 -440518.17 1225.38 44.614842 50.564854
256000 299.94503 -444089.03 -440517.18 1229.59 35.948291 50.50798
257000 297.97781 -444066.09 -440517.67 1235.29 34.836428 50.447238
258000 292.94069 -444005.97 -440517.53 1240.21 24.42939 50.346783
259000 300.11547 -444092.44 -440518.56 1244.85 48.618368 50.340135
260000 300.08282 -444092.19 -440518.7 1251.48 43.27478 50.313065
261000 300.47131 -444096.31 -440518.2 1255.4 53.542497 50.325391
262000 297.249 -444057.69 -440517.95 1257.17 31.968854 50.255594
263000 302.67954 -444121.88 -440517.47 1259.06 39.24888 50.213902
264000 303.21398 -444128.78 -440518.01 1263.84 25.367302 50.120141
265000 299.6745 -444087.28 -440518.66 1269.88 23.472753 50.019963
266000 297.72549 -444063.03 -440517.62 1274.44 38.484572 49.976759
267000 301.62395 -444110.06 -440518.22 1279.72 44.990919 49.958155
268000 296.95669 -444054.03 -440517.77 1284.99 41.208456 49.925629
269000 304.51984 -444145.06 -440518.74 1289.74 58.473256 49.957287
270000 302.88463 -444124.81 -440517.96 1297.67 46.584321 49.94484
271000 301.95335 -444113.84 -440518.08 1299.63 53.159942 49.95666
272000 301.09862 -444103.53 -440517.95 1302.46 79.752118 50.065801
273000 297.99948 -444066.53 -440517.85 1307.66 71.583167 50.144332
274000 299.26624 -444080.81 -440517.05 1309.33 62.68005 50.189916
275000 302.541 -444121.47 -440518.71 1319.31 65.605515 50.24577
276000 299.83679 -444087.97 -440517.41 1324.46 80.87307 50.356338
277000 294.30438 -444022.56 -440517.89 1329.48 95.640378 50.51923
278000 299.36916 -444082.5 -440517.51 1333.94 87.20586 50.650723
279000 300.21467 -444092.88 -440517.82 1339.18 74.444749 50.735702
280000 302.87171 -444125.38 -440518.68 1343.5 82.131872 50.847432
281000 297.77295 -444063.84 -440517.86 1347.85 63.187558 50.891191
282000 301.97323 -444112.94 -440516.94 1352.29 59.790081 50.922636
283000 300.99824 -444102.53 -440518.14 1357.66 64.136995 50.969166
284000 302.90153 -444125.38 -440518.32 1362.57 73.488253 51.04818
285000 297.63026 -444061.59 -440517.31 1366.42 60.475164 51.081141
286000 293.88813 -444017.75 -440518.03 1372.05 78.832451 51.177836
287000 302.04594 -444115.25 -440518.39 1379.17 72.221322 51.250904
288000 296.84178 -444052.75 -440517.86 1381.04 59.541783 51.279592
289000 298.38211 -444071.47 -440518.23 1382.52 80.781595 51.381323
290000 295.80452 -444040.41 -440517.87 1388.02 63.551897 51.423146
291000 297.40585 -444058.78 -440517.17 1390.36 70.709303 51.489195
292000 300.65966 -444098.38 -440518.02 1396.32 70.513255 51.554123
293000 303.29644 -444129.66 -440517.9 1400.25 54.097142 51.562773
294000 300.97944 -444102.25 -440518.09 1406.34 63.643257 51.603724
295000 297.77065 -444063.53 -440517.58 1410.87 77.193898 51.690177
296000 299.05714 -444079.31 -440518.04 1416.73 89.744734 51.818307
297000 298.44823 -444071.66 -440517.63 1420.37 84.136767 51.926758
298000 294.9727 -444030.84 -440518.21 1424.61 79.91075 52.02035
299000 300.37587 -444095.47 -440518.49 1430.44 85.208211 52.130976
300000 297.01049 -444055.12 -440518.22 1434.67 76.308655 52.211301
301000 299.78279 -444087.97 -440518.05 1439.28 76.911178 52.293088
302000 302.78989 -444123.09 -440517.37 1443.35 87.086699 52.407919
303000 295.35809 -444034.78 -440517.56 1446.92 96.421415 52.5527
304000 299.78622 -444087.84 -440517.89 1453.21 87.804456 52.668279
305000 295.75949 -444039.47 -440517.47 1455.48 71.638689 52.730274
306000 294.53311 -444024.72 -440517.32 1460.7 68.500248 52.781642
307000 298.84608 -444075.72 -440516.96 1464.06 62.989265 52.814784
308000 302.60646 -444122.25 -440518.71 1468.48 67.991122 52.863898
309000 299.57509 -444085.59 -440518.15 1474.73 68.985947 52.915905
310000 299.63614 -444085.84 -440517.68 1479.13 65.784547 52.957283
311000 301.66034 -444110.25 -440517.98 1484.8 55.610334 52.965786
312000 298.55777 -444073.28 -440517.95 1486.36 66.949027 53.010461
313000 296.93074 -444052.53 -440516.58 1488.52 70.261357 53.065401
314000 302.70102 -444122.94 -440518.27 1489.99 69.129881 53.116399
315000 297.22261 -444057.22 -440517.79 1495.14 50.386137 53.107759
316000 300.83224 -444100.5 -440518.09 1499.44 42.89891 53.075554
317000 300.83596 -444100.69 -440518.23 1501.83 38.910328 53.031009
318000 295.90272 -444041.06 -440517.35 1503.67 54.315797 53.035037
319000 301.65747 -444109.72 -440517.48 1507.9 46.863777 53.015752
320000 303.35279 -444129.88 -440517.45 1516.58 44.691647 52.98982
321000 298.38192 -444070.06 -440516.83 1521.1 62.224577 53.018499
322000 299.0306 -444078.47 -440517.51 1529.03 55.595911 53.026479
323000 298.95756 -444077.69 -440517.6 1534.62 59.870928 53.047604
324000 298.64481 -444074.31 -440517.95 1539 50.621429 53.040139
325000 303.51345 -444131.91 -440517.57 1543.31 61.979102 53.067559
326000 302.72788 -444122.66 -440517.67 1551.41 43.116653 53.037128
327000 293.91261 -444016.84 -440516.83 1559.14 68.967009 53.085695
328000 301.52392 -444107.81 -440517.16 1560.38 53.720817 53.087625
329000 300.63976 -444097.81 -440517.69 1566.69 75.494851 53.155526
330000 300.40178 -444094.44 -440517.15 1570.76 58.883651 53.172831
331000 294.95615 -444029.25 -440516.81 1574.73 44.977805 53.148147
332000 297.75075 -444063.84 -440518.13 1579.01 31.983163 53.084589
333000 302.29261 -444117.78 -440517.98 1585.97 37.590327 53.038199
334000 299.83986 -444088.38 -440517.78 1589.88 40.925406 53.002041
335000 299.98738 -444089.41 -440517.06 1594.96 52.510237 53.000578
336000 297.86534 -444063.88 -440516.79 1599.66 59.457674 53.019738
337000 298.00001 -444066.41 -440517.72 1601.88 43.815882 52.992508
338000 299.55609 -444085.25 -440518.04 1606.25 51.598128 52.988395
339000 299.58912 -444084.28 -440516.67 1610.04 48.069921 52.973929
340000 299.11187 -444080.47 -440518.54 1614.28 59.481348 52.993012
341000 302.67992 -444122.12 -440517.71 1618 56.018918 53.00186
342000 299.3596 -444082.69 -440517.81 1622.7 55.882507 53.010258
343000 294.72726 -444027.94 -440518.23 1626.7 57.956533 53.024637
344000 305.14487 -444152.12 -440518.36 1630.85 52.381616 53.022773
345000 300.25793 -444093.41 -440517.83 1635.31 44.755856 52.99888
346000 304.78197 -444147.38 -440517.93 1642.58 45.002673 52.975836
347000 301.18321 -444104.31 -440517.72 1649.01 74.003319 53.03626
348000 298.51643 -444072.75 -440517.92 1654.3 71.301504 53.088596
349000 297.92628 -444065.41 -440517.6 1660.14 51.717373 53.084678
350000 297.98105 -444067.41 -440518.95 1661.81 54.64833 53.089133
351000 297.38952 -444059.28 -440517.87 1663.41 57.377697 53.101316
352000 303.39092 -444130.34 -440517.46 1667.33 64.927008 53.134817
353000 295.60172 -444037.34 -440517.22 1669.32 67.030905 53.174071
354000 295.5138 -444035.66 -440516.58 1675.26 57.256789 53.185572
355000 300.52226 -444096.66 -440517.94 1679.58 55.48196 53.192023
356000 303.69972 -444134.84 -440518.29 1687.49 55.405363 53.198222
357000 296.69996 -444050.88 -440517.67 1689.51 76.639166 53.2637
358000 300.97637 -444102.38 -440518.25 1697.59 86.305255 53.355738
359000 301.22 -444103.81 -440516.78 1705.82 82.361543 53.436309
360000 303.28426 -444128.78 -440517.17 1710.27 74.997012 53.496034
361000 295.11559 -444032.25 -440517.91 1719.06 81.020355 53.572068
362000 301.26784 -444105.12 -440517.53 1720.92 73.718785 53.627569
363000 307.85224 -444183.62 -440517.62 1725.54 81.362644 53.703764
364000 296.69947 -444051.19 -440517.99 1730.55 78.55185 53.771841
365000 299.20204 -444081.34 -440518.35 1735.34 73.457695 53.825628
366000 296.97618 -444054.22 -440517.73 1741.43 75.08718 53.883561
367000 297.29661 -444058.41 -440518.1 1743.32 60.340156 53.901106
368000 303.6997 -444134.5 -440517.94 1747.14 51.119994 53.893569
369000 299.12192 -444080.72 -440518.67 1749.22 59.451272 53.90859
370000 304.52859 -444143.91 -440517.48 1755.74 62.034271 53.930492
371000 305.49414 -444155.38 -440517.45 1760.23 71.304306 53.977196
372000 299.79404 -444088.38 -440518.33 1769.56 60.823381 53.99555
373000 299.32635 -444081.91 -440517.43 1773.73 68.40267 54.034072
374000 303.6788 -444133.91 -440517.6 1777.86 61.894034 54.055032
375000 298.94181 -444077.31 -440517.41 1784.14 45.185732 54.031443
376000 301.14282 -444103.78 -440517.67 1787.45 43.171889 54.002638
377000 293.13005 -444007.94 -440517.25 1789.57 58.803084 54.015338
378000 297.51306 -444060.47 -440517.58 1791.77 72.504646 54.064122
379000 296.54951 -444048.5 -440517.09 1796.25 69.915072 54.105835
380000 302.4824 -444119.47 -440517.41 1798.63 50.830365 54.097238
381000 299.99611 -444089.66 -440517.2 1807.31 58.392496 54.108482
382000 300.62373 -444097.03 -440517.1 1812.05 77.706335 54.170096
383000 301.91347 -444113.53 -440518.24 1816.44 73.723864 54.221017
384000 301.85139 -444111.69 -440517.14 1823.75 62.758113 54.243191
385000 299.52188 -444084.88 -440518.07 1827.54 66.461294 54.274844
386000 297.70139 -444061.56 -440516.43 1829.69 73.048048 54.323354
387000 301.00507 -444102.53 -440518.06 1837.34 65.396123 54.351892
388000 296.09811 -444043.44 -440517.4 1844.78 47.141334 54.333356
389000 301.71566 -444111.03 -440518.1 1849.34 65.08482 54.360924
390000 295.21727 -444032.62 -440517.08 1854.04 47.063853 54.342261
391000 300.9371 -444101.78 -440518.12 1863.23 61.321812 54.360066
392000 300.67395 -444097.09 -440516.57 1869.42 65.843793 54.389287
393000 297.83658 -444063.72 -440516.98 1873.76 69.419706 54.427435
394000 299.67051 -444085.59 -440517.02 1875.72 55.761122 54.430811
395000 296.52068 -444049.25 -440518.18 1882.63 69.47723 54.468807
396000 300.93505 -444101.78 -440518.15 1887.77 57.180222 54.475637
397000 300.56562 -444097.16 -440517.92 1889.57 55.872279 54.479146
398000 305.40254 -444154.38 -440517.54 1894.6 60.168177 54.493404
399000 298.95776 -444077.28 -440517.19 1898.82 61.254187 54.510306
400000 296.01928 -444042.19 -440517.09 1900.54 64.576071 54.535408
401000 296.64201 -444049.78 -440517.27 1904.76 61.572899 54.552914
402000 297.58458 -444061.81 -440518.08 1913.93 68.499588 54.587521
403000 296.18848 -444045.06 -440517.95 1921.54 48.17689 54.571653
404000 300.3429 -444094.5 -440517.92 1924.96 57.905972 54.579886
405000 296.03269 -444043.16 -440517.9 1926.49 57.259114 54.586485
406000 301.84457 -444112.34 -440517.88 1928.46 50.709113 54.576959
407000 292.46388 -443999.56 -440516.8 1930.94 56.859477 54.582553
408000 297.36542 -444058.53 -440517.4 1932.7 58.724184 54.592679
409000 294.86829 -444029.12 -440517.73 1939.35 34.730341 54.544235
410000 299.97189 -444090.53 -440518.37 1944.27 42.240273 54.514298
411000 298.42646 -444071.28 -440517.52 1949.14 53.214028 54.511142
412000 301.88592 -444112.28 -440517.32 1956.04 67.271877 54.54204
413000 299.86861 -444088.09 -440517.16 1963.66 53.736769 54.540095
414000 298.68721 -444074.06 -440517.19 1969.42 50.981201 54.531519
415000 296.8887 -444053.59 -440518.14 1974.25 69.463505 54.567413
416000 298.27273 -444069.38 -440517.44 1976.28 50.436995 54.557508
417000 302.79418 -444123.22 -440517.44 1980.61 40.053295 54.522809
418000 297.98088 -444066.66 -440518.2 1982.4 34.521639 54.475073
419000 293.49142 -444012.28 -440517.29 1984.39 43.661183 54.449326
420000 299.94049 -444089.25 -440517.46 1988.72 57.50659 54.456588
421000 302.78106 -444123.59 -440517.98 1994.5 34.60055 54.409536
422000 301.77872 -444111.34 -440517.66 1996.69 45.519804 54.38852
423000 296.4834 -444048.81 -440518.19 2003.42 52.538479 54.384157
424000 296.23551 -444044.75 -440517.08 2007.63 63.158092 54.404801
425000 302.44762 -444118.19 -440516.54 2011.23 63.253032 54.425572
426000 297.7566 -444062.81 -440517.03 2013.59 67.932549 54.457204
427000 299.64385 -444085.78 -440517.52 2018.61 65.456492 54.482903
428000 294.94174 -444028.88 -440516.61 2020.34 47.533914 54.466705
429000 297.33593 -444058.34 -440517.57 2022.54 31.401982 54.413066
430000 302.6731 -444122.25 -440517.92 2029.37 41.24558 54.382515
431000 305.76543 -444159.91 -440518.75 2033.56 55.409677 54.384893
432000 299.33564 -444082.19 -440517.6 2043.3 39.96981 54.351602
433000 301.06843 -444102.88 -440517.65 2051.05 42.238694 54.323692
434000 296.70584 -444051.28 -440518.01 2056.84 41.994372 54.295348
435000 299.70263 -444086.44 -440517.48 2058.61 46.698473 54.277924
436000 303.18459 -444127.97 -440517.54 2063.14 56.039184 54.281955
437000 293.97598 -444017.09 -440516.33 2067.73 55.626781 54.285025
438000 299.51712 -444084.03 -440517.28 2072.26 46.673127 54.267686
439000 298.54951 -444072.62 -440517.4 2079.29 56.104478 54.271861
440000 297.15773 -444055.22 -440516.56 2083.66 48.222816 54.258144
441000 302.56081 -444121.06 -440518.07 2088.86 48.002634 54.243991
442000 296.79525 -444050.44 -440516.1 2093.45 64.042797 54.26611
443000 302.51159 -444120.25 -440517.84 2095.99 57.774647 54.274012
444000 296.05079 -444042.56 -440517.09 2097.98 43.89082 54.250679
445000 301.34469 -444106.22 -440517.7 2104.47 38.427925 54.215202
446000 296.05385 -444042.62 -440517.12 2109.5 51.651965 54.209468
447000 297.72229 -444062.19 -440516.81 2111.18 53.124864 54.207047
448000 298.70298 -444074.22 -440517.16 2117.07 61.589233 54.223489
449000 299.52773 -444083.12 -440516.25 2121.09 72.825425 54.264826
450000 299.7071 -444086.12 -440517.11 2128.01 67.159226 54.293417
451000 293.86349 -444016.78 -440517.36 2135.33 67.879696 54.323475
452000 297.48755 -444059.38 -440516.79 2143.23 55.955093 54.327077
453000 298.81162 -444075.72 -440517.37 2147.25 61.170569 54.342151
454000 299.13121 -444079.56 -440517.41 2154.78 55.159276 54.343946
455000 301.78898 -444111.72 -440517.91 2156.46 55.139222 54.34569
456000 302.92676 -444125 -440517.65 2164.24 53.315961 54.343437
457000 302.58259 -444120.59 -440517.34 2170.54 54.591979 54.34398
458000 296.72342 -444051.38 -440517.89 2172.56 66.756365 54.371022
459000 297.33146 -444058.59 -440517.87 2176.02 69.642143 54.40422
460000 302.6178 -444121.66 -440517.98 2181.45 63.152199 54.423196
461000 302.60972 -444121.25 -440517.67 2188.51 74.550013 54.466761
462000 298.90562 -444076.59 -440517.13 2190.87 64.868324 54.489226
463000 299.02438 -444078.19 -440517.3 2194.9 64.679583 54.511188
464000 298.51229 -444072.78 -440518 2200.27 56.317661 54.515073
465000 302.02172 -444113.5 -440516.92 2204.78 51.51096 54.508627
466000 297.60728 -444061.75 -440517.74 2212.84 60.713952 54.521914
467000 300.49736 -444095.94 -440517.51 2218.97 57.745757 54.528803
468000 302.38026 -444118.44 -440517.59 2222.93 49.749268 54.518612
469000 302.01062 -444114.78 -440518.34 2225.34 41.728418 54.491399
470000 298.37536 -444071 -440517.85 2227.64 30.645488 54.440771
471000 299.92473 -444089.31 -440517.71 2232.13 16.176149 54.359701
472000 300.39312 -444094.38 -440517.19 2233.73 5.7871404 54.257011
473000 305.9734 -444161.53 -440517.9 2241.91 18.594493 54.181774
474000 299.20346 -444080.5 -440517.48 2244.08 29.551544 54.129921
475000 298.59487 -444071.91 -440516.14 2251.14 22.149137 54.062734
476000 297.22412 -444057.25 -440517.81 2259.31 43.387974 54.040355
477000 302.46312 -444119.62 -440517.79 2263.55 60.048682 54.052925
478000 299.83624 -444086.78 -440516.23 2269.27 44.31663 54.032598
479000 296.22474 -444043.69 -440516.14 2276.85 57.010784 54.038803
480000 295.55822 -444037.41 -440517.8 2279.18 72.217245 54.076596
481000 299.38197 -444082.31 -440517.17 2285.79 62.618872 54.094319
482000 296.27221 -444045.34 -440517.23 2287.36 44.180416 54.073793
483000 298.33455 -444069.31 -440516.64 2292.43 33.698454 54.031695
484000 298.77323 -444075.56 -440517.67 2298.6 28.951012 53.979982
485000 300.71887 -444098.41 -440517.34 2303.41 53.274244 53.97853
486000 300.97535 -444101.5 -440517.38 2311.58 32.278244 53.933971
487000 299.24128 -444080.84 -440517.38 2318.59 45.476857 53.916641
488000 299.20542 -444079.94 -440516.9 2326.48 35.489604 53.878958
489000 298.45485 -444070 -440515.9 2331.73 47.166172 53.865258
490000 299.64127 -444086.16 -440517.93 2340.45 46.797336 53.850863
491000 297.4896 -444060.16 -440517.55 2345.09 61.097917 53.865593
492000 300.73545 -444097.22 -440515.96 2346.96 51.972417 53.861753
493000 304.94642 -444148.59 -440517.19 2351.49 55.09174 53.864243
494000 307.96291 -444184.97 -440517.64 2357.58 45.863764 53.84808
495000 302.64287 -444120.69 -440516.71 2359.57 47.424864 53.83513
496000 301.62508 -444109.78 -440517.93 2364.02 27.608437 53.78236
497000 298.29926 -444069.94 -440517.69 2365.82 39.918601 53.754521
498000 303.74448 -444134.56 -440517.47 2372.22 51.368373 53.74974
499000 298.22319 -444068.94 -440517.6 2378.66 55.111614 53.752463
500000 298.18118 -444067.09 -440516.25 2385.67 65.00707 53.774928
501000 303.87259 -444137.16 -440518.54 2387.34 48.662775 24.331388
502000 297.38627 -444057.59 -440516.22 2392.54 40.031536 29.56477
503000 299.37036 -444082.38 -440517.37 2400.56 59.826489 37.1302
504000 296.21691 -444044.31 -440516.86 2402.22 66.238016 42.951763
505000 299.49201 -444083.34 -440516.89 2403.4 67.339578 47.016399
506000 295.23566 -444033.34 -440517.58 2408.49 48.819011 47.273915
507000 303.29317 -444129.28 -440517.56 2412.67 52.536317 47.931715
508000 299.26072 -444080.66 -440516.96 2418.7 53.462969 48.546299
509000 298.68902 -444074.03 -440517.14 2422.8 63.291082 50.020777
510000 300.45604 -444096.19 -440518.26 2424.22 54.593722 50.436499
511000 296.88016 -444052.66 -440517.31 2428.03 45.955487 50.063082
512000 299.79684 -444087.75 -440517.67 2430.54 57.501059 50.635234
513000 299.0866 -444078.69 -440517.06 2436.9 56.778021 51.074004
514000 298.85764 -444076.81 -440517.92 2438.6 57.927982 51.530936
515000 297.14664 -444056.59 -440518.07 2442.78 52.085168 51.565576
516000 301.25029 -444105.28 -440517.89 2448.25 51.941861 51.58771
517000 305.61865 -444156.88 -440517.47 2454.12 70.543574 52.640814
518000 303.40053 -444131.06 -440518.07 2458.4 67.911156 53.444516
519000 303.12418 -444126.59 -440516.89 2463.39 65.63103 54.053842
520000 300.36049 -444094.53 -440517.74 2470.4 47.772262 53.754719
521000 299.26189 -444081.09 -440517.38 2476.71 72.870445 54.623615
522000 300.37226 -444094.47 -440517.53 2478.21 68.704619 55.235833
523000 295.54837 -444036.44 -440516.95 2482.84 74.482778 56.037789
524000 299.21336 -444081.28 -440518.15 2489.86 66.719633 56.465063
525000 301.08754 -444102.75 -440517.3 2494.11 57.000355 56.485651
526000 299.46436 -444083.62 -440517.5 2495.84 60.150438 56.621384
527000 296.54617 -444049.31 -440517.94 2500.17 55.500411 56.581349
528000 299.87909 -444088.78 -440517.72 2507.04 56.041174 56.562722
529000 299.91426 -444088.31 -440516.83 2511.38 43.715399 56.134478
530000 300.09724 -444090.28 -440516.62 2518.07 41.188261 55.652342
531000 300.15605 -444091.84 -440517.48 2520.05 39.802741 55.157042
532000 300.13269 -444091.22 -440517.14 2521.97 40.851938 54.723554
533000 302.17984 -444116 -440517.54 2527.02 34.37892 54.125183
534000 302.33085 -444117.97 -440517.71 2528.76 44.022901 53.836546
535000 304.94312 -444149.56 -440518.2 2532.71 52.031685 53.786411
536000 299.68268 -444085.03 -440516.31 2536.82 55.963012 53.845238
537000 299.90303 -444089.22 -440517.87 2542.15 54.083372 53.851505
538000 297.18969 -444056.62 -440517.59 2543.56 50.623892 53.768745
539000 301.04798 -444102.94 -440517.96 2551.07 51.63847 53.715488
540000 301.07533 -444102.75 -440517.44 2557.93 50.338379 53.63312
541000 298.25268 -444069.72 -440518.03 2561.83 53.357131 53.626549
542000 297.14986 -444056.06 -440517.5 2566.17 50.541806 53.554811
543000 296.18553 -444044.53 -440517.45 2575.3 62.845351 53.765959
544000 296.56882 -444049 -440517.36 2579.48 63.455893 53.981291
545000 300.03308 -444090.28 -440517.39 2587.08 69.578438 54.320359
546000 296.21442 -444043.81 -440516.39 2594.38 79.824156 54.862993
547000 301.74767 -444110.53 -440517.22 2596.65 79.358532 55.373317
548000 297.81924 -444063.78 -440517.25 2600.94 81.85351 55.913729
549000 300.38511 -444093.59 -440516.51 2605.18 65.802866 56.111512
550000 307.95815 -444185.41 -440518.14 2612.78 77.892703 56.538594
551000 301.86124 -444111.88 -440517.21 2614.51 77.717498 56.945881
552000 298.25446 -444069.56 -440517.85 2616.69 82.055817 57.419653
553000 301.6187 -444108.47 -440516.69 2620.45 59.16841 57.452038
554000 294.44012 -444022.06 -440515.77 2622.18 70.875922 57.696108
555000 300.88877 -444100.22 -440517.13 2628.94 82.063136 58.131234
556000 296.07549 -444042.09 -440516.33 2633.03 64.281233 58.239128
557000 296.69641 -444049.62 -440516.46 2638.52 74.999453 58.5281
558000 301.07721 -444103.03 -440517.7 2642.16 65.268133 58.642337
559000 298.05858 -444067 -440517.62 2644.05 58.778067 58.6446
560000 299.21426 -444080.16 -440517.01 2648.37 54.827017 58.582016
561000 296.62163 -444050.06 -440517.79 2653.08 66.108275 58.703407
562000 302.41958 -444118.59 -440517.28 2658.37 58.285978 58.696782
563000 297.83137 -444064.03 -440517.36 2659.57 51.607972 58.586019
564000 299.96889 -444089.31 -440517.18 2661.76 50.335513 58.459088
565000 295.64423 -444036.81 -440516.18 2666.04 50.750822 58.342296
566000 302.81301 -444122.91 -440516.91 2670.79 54.184483 58.280239
567000 300.71903 -444098.41 -440517.34 2676.97 41.103058 58.027634
568000 301.25504 -444104.47 -440517.02 2682.08 45.588789 57.847361
569000 300.21864 -444092.75 -440517.65 2683.97 44.073931 57.650597
570000 303.08247 -444127.31 -440518.1 2685.23 46.110838 57.488065
571000 300.22803 -444092.62 -440517.41 2691.17 30.803004 57.11744
572000 297.83406 -444063.84 -440517.14 2692.92 45.164882 56.953706
573000 296.94903 -444052.72 -440516.55 2696.66 47.527107 56.826319
574000 302.04671 -444113.38 -440516.5 2701.4 52.440829 56.767846
575000 295.20087 -444032.12 -440516.77 2706.65 58.103982 56.785427
576000 301.09104 -444102.47 -440516.98 2710.53 51.227037 56.71324
577000 297.54198 -444060.62 -440517.4 2715.36 55.160423 56.693332
578000 293.98619 -444018.34 -440517.46 2716.47 53.514419 56.653093
579000 299.50692 -444084.28 -440517.65 2720.83 47.444074 56.53798
580000 299.22294 -444080.69 -440517.44 2726.81 54.601001 56.514067
581000 296.01171 -444041.19 -440516.18 2731.74 42.108952 56.338395
582000 300.05477 -444090.38 -440517.22 2738.44 54.885566 56.320891
583000 301.67412 -444109.28 -440516.84 2745.22 71.707385 56.504063
584000 298.81776 -444075.03 -440516.61 2746.86 56.918865 56.508943
585000 295.48008 -444034.94 -440516.26 2752.37 54.36978 56.484069
586000 296.60458 -444048.69 -440516.62 2755.77 61.412775 56.540721
587000 301.27485 -444104.72 -440517.04 2761.41 69.967213 56.693295
588000 299.36906 -444082.22 -440517.23 2768.58 77.425113 56.926237
589000 299.97044 -444089.28 -440517.13 2771 66.159374 57.028827
590000 298.69365 -444074.22 -440517.27 2773.94 56.394508 57.021856
591000 298.73665 -444074.66 -440517.2 2775.86 62.568229 57.082143
592000 296.85782 -444051.19 -440516.1 2781.22 60.605792 57.120032
593000 297.87364 -444063.31 -440516.13 2783.61 74.236759 57.302125
594000 298.04129 -444065.03 -440515.86 2791.6 64.868541 57.381771
595000 301.68553 -444110.03 -440517.46 2796.07 61.078286 57.420276
596000 301.01551 -444101.34 -440516.75 2798.46 66.71024 57.516049
597000 300.14908 -444091.16 -440516.88 2806.23 61.536366 57.557073
598000 303.66183 -444133.62 -440517.52 2809.98 65.387355 57.636167
599000 297.88591 -444064.06 -440516.74 2815.1 78.821184 57.848017
600000 301.31163 -444104.88 -440516.75 2816.84 60.41751 57.873457
601000 296.08262 -444042.56 -440516.71 2818.8 47.149914 57.768325
602000 294.57287 -444024.62 -440516.75 2820.88 63.230344 57.821354
603000 296.70735 -444049.97 -440516.68 2825.61 64.809888 57.888551
604000 304.24933 -444140.59 -440517.49 2830.67 50.835668 57.821381
605000 294.41565 -444022.06 -440516.06 2834.82 64.960768 57.888734
606000 301.75801 -444111.19 -440517.75 2839.06 55.057687 57.862275
607000 296.97853 -444054.03 -440517.51 2846.04 52.58518 57.813413
608000 301.81151 -444111.66 -440517.58 2848 45.485463 57.700313
609000 299.42916 -444082.56 -440516.86 2851.32 33.336588 57.478825
610000 301.43656 -444106.59 -440516.99 2855.32 34.435169 57.271224
611000 301.96679 -444113.06 -440517.14 2857.28 52.139157 57.225402
612000 300.2866 -444093.72 -440517.81 2865.36 52.757561 57.185864
613000 299.58642 -444085.34 -440517.77 2871.06 43.760353 57.068096
614000 297.09078 -444054.84 -440516.99 2873.64 41.747185 56.934871
615000 298.0315 -444067 -440517.94 2878.14 55.054556 56.918661
616000 299.73315 -444086.56 -440517.24 2882.96 49.489095 56.85516
617000 301.7384 -444110.03 -440516.83 2887.93 43.490635 56.741902
618000 300.92431 -444100.88 -440517.37 2893.02 39.635388 56.59815
619000 301.99351 -444113.84 -440517.6 2894.6 43.064923 56.485373
620000 306.3202 -444166.06 -440518.3 2902.05 43.160673 56.375251
621000 298.91322 -444076.59 -440517.03 2905.09 52.444097 56.343029
622000 295.8661 -444039.84 -440516.57 2910.03 52.220748 56.309514
623000 298.14126 -444067.31 -440516.95 2915.31 49.307682 56.253048
624000 300.40758 -444094.53 -440517.18 2919.86 70.834767 56.369702
625000 301.82675 -444111.66 -440517.4 2924.37 61.604836 56.41125
626000 293.21678 -444008.41 -440516.68 2928.55 62.512752 56.459294
627000 299.24838 -444081.31 -440517.76 2930.45 71.852797 56.579555
628000 297.94304 -444065.41 -440517.4 2932.21 69.345162 56.678513
629000 298.96896 -444077.34 -440517.12 2938.72 77.30565 56.837184
630000 297.88363 -444065.25 -440517.95 2942.94 76.680286 56.988658
631000 304.88207 -444147.84 -440517.21 2945.34 54.804303 56.97211
632000 299.74073 -444086.59 -440517.18 2950.14 63.1272 57.018389
633000 306.7211 -444170.25 -440517.71 2952.37 53.093588 56.989099
634000 296.85832 -444051.62 -440516.54 2953.79 58.501086 57.000299
635000 304.60269 -444145.19 -440517.88 2958.06 77.87821 57.153813
636000 297.28377 -444057.69 -440517.53 2960.33 64.69739 57.208876
637000 299.52828 -444084.56 -440517.68 2966.64 60.207254 57.230603
638000 298.11343 -444067.44 -440517.4 2974.63 56.648516 57.226415
639000 296.67444 -444049.91 -440517.01 2976.7 58.670325 57.236729
640000 305.71989 -444157.56 -440516.95 2980.63 75.074615 57.363239
641000 299.94289 -444090.12 -440518.3 2985.48 72.652122 57.470907
642000 295.46108 -444035.44 -440516.99 2991.21 84.935387 57.662966
643000 299.6748 -444085.59 -440516.97 2992.91 76.965368 57.797011
644000 300.73757 -444099.06 -440517.78 2997.62 64.431362 57.842765
645000 300.1955 -444091.5 -440516.67 3002.26 60.188664 57.858833
646000 301.46305 -444107.62 -440517.7 3006.95 51.305367 57.814251
647000 300.54377 -444096.19 -440517.21 3011.78 59.416683 57.825078
648000 296.54851 -444048.09 -440516.69 3017.54 56.411089 57.815589
649000 303.35358 -444129.53 -440517.09 3023.35 53.066977 57.783931
650000 301.96376 -444113.22 -440517.33 3028.51 46.827942 57.711375
651000 300.35352 -444094.31 -440517.6 3031.45 49.280882 57.655911
652000 296.6611 -444049.34 -440516.6 3036.79 60.737135 57.67605
653000 302.0185 -444114.53 -440517.99 3041.65 41.851166 57.573291
654000 301.58345 -444109 -440517.64 3048.44 43.379865 57.48172
655000 296.2859 -444044.56 -440516.29 3052.87 44.793788 57.400388
656000 295.94357 -444041 -440516.8 3058.48 49.021163 57.347017
657000 298.19398 -444068.22 -440517.22 3059.76 69.444521 57.423583
658000 300.78166 -444098.97 -440517.16 3066.51 59.7973 57.438512
659000 298.09689 -444066.69 -440516.85 3074.73 66.584866 57.495677
660000 299.84198 -444087.34 -440516.72 3077.27 66.515049 57.551698
661000 303.26696 -444128.62 -440517.22 3080.93 55.378833 57.538285
662000 297.9698 -444065.84 -440517.52 3084.89 52.727594 57.508772
663000 295.52672 -444035.78 -440516.55 3086.88 70.594429 57.588562
664000 297.94824 -444064.09 -440516.03 3092.09 76.581197 57.703669
665000 299.23482 -444081.28 -440517.89 3097.53 61.099962 57.724129
666000 297.86151 -444063.62 -440516.59 3102.37 74.698677 57.825773
667000 293.11357 -444007.69 -440517.19 3111.59 76.350529 57.936039
668000 300.72134 -444097.66 -440516.57 3117.2 74.807805 58.035872
669000 294.61365 -444024.88 -440516.52 3118.47 51.388317 57.996769
670000 297.14768 -444055.38 -440516.84 3124.33 53.152064 57.968437
671000 294.86454 -444028.44 -440517.09 3125.77 51.759647 57.93234
672000 302.5173 -444119.31 -440516.83 3129.71 64.612234 57.970952
673000 299.21042 -444079.66 -440516.56 3133.41 71.003701 58.045853
674000 301.45934 -444106.31 -440516.43 3136.8 60.925682 58.062309
675000 301.31737 -444105.22 -440517.03 3141.41 62.671514 58.088497
676000 294.53597 -444024.72 -440517.29 3145.51 56.445837 58.079217
677000 301.02884 -444101.88 -440517.12 3149.37 64.804705 58.117
678000 298.65332 -444073.22 -440516.75 3155.5 45.062581 58.044071
679000 300.46454 -444095.66 -440517.62 3159.49 50.882865 58.004286
680000 294.81228 -444026.88 -440516.15 3167.68 43.300318 57.923049
681000 297.8836 -444065.06 -440517.76 3174.92 64.345051 57.958335
682000 301.4612 -444106.84 -440516.94 3179.19 62.148598 57.981232
683000 297.40133 -444058.31 -440516.76 3181.52 60.95373 57.997387
684000 302.8239 -444123.12 -440517 3187.23 66.00593 58.040677
685000 296.5115 -444047.62 -440516.67 3196.19 59.298545 58.047439
686000 297.4987 -444059.25 -440516.54 3203.82 55.619284 58.034454
687000 297.07226 -444054.94 -440517.3 3205.47 63.990573 58.066136
688000 293.93227 -444016.5 -440516.26 3214.21 45.316629 57.998678
689000 300.69014 -444097.03 -440516.31 3216.12 53.73561 57.976241
690000 301.05243 -444102.25 -440517.22 3222.43 35.789412 57.86008
691000 297.71881 -444061.72 -440516.38 3228.49 56.217605 57.851525
692000 297.17705 -444055.44 -440516.55 3233.01 42.016055 57.769476
693000 303.66518 -444133.72 -440517.57 3234.98 53.780688 57.748915
694000 295.8154 -444038.94 -440516.27 3236.19 50.060987 57.70949
695000 301.29738 -444104.69 -440516.74 3238.1 57.76138 57.709755
696000 307.4845 -444178.41 -440516.78 3239.84 43.005069 57.635112
697000 301.31445 -444104.75 -440516.6 3242.25 36.930848 57.530545
698000 296.00052 -444040.66 -440515.78 3247.1 37.432368 57.429549
699000 293.27512 -444008.78 -440516.36 3251.93 55.24388 57.41862
700000 298.04512 -444066.31 -440517.09 3257.16 45.231499 57.357988
701000 298.1122 -444066.75 -440516.73 3265.51 47.17409 57.307573
702000 306.51464 -444167.47 -440517.39 3273.24 59.966105 57.320669
703000 300.08181 -444091.06 -440517.59 3275.13 79.449583 57.429144
704000 297.80212 -444064.66 -440518.33 3283.11 70.489859 57.492855
705000 298.29264 -444068.97 -440516.8 3290.9 77.155288 57.588303
706000 301.46145 -444107.28 -440517.38 3295.14 76.228927 57.678355
707000 296.79727 -444050.06 -440515.7 3299.49 55.391332 57.667359
708000 299.36836 -444081.28 -440516.3 3307.19 78.479761 57.76694
709000 296.81768 -444051.69 -440517.08 3308.55 82.878351 57.886518
710000 302.32611 -444116.75 -440516.55 3312.37 92.515079 58.050635
711000 298.62525 -444072.81 -440516.68 3317.1 74.911071 58.130165
712000 297.89351 -444063.81 -440516.4 3325.15 72.870929 58.199371
713000 303.27896 -444128.44 -440516.89 3329.28 71.083088 58.259575
714000 299.33562 -444081.28 -440516.69 3338.18 67.915652 58.304487
715000 299.04213 -444078.41 -440517.31 3344.83 55.33145 58.290723
716000 300.75862 -444097.53 -440516 3349.65 67.159884 58.331595
717000 296.60547 -444048.59 -440516.52 3356.66 76.183407 58.413484
718000 301.89408 -444112 -440516.94 3364.77 71.023394 58.471063
719000 300.82362 -444099.22 -440516.91 3366.67 50.529461 58.434965
720000 297.63498 -444060.72 -440516.38 3371.62 59.718997 58.440775
721000 301.4048 -444106.12 -440516.9 3373.87 58.23108 58.439831
722000 299.66544 -444086.12 -440517.61 3377.19 66.096521 58.474165
723000 300.61282 -444097.31 -440517.51 3381.85 50.901912 58.440361
724000 298.02091 -444065.41 -440516.47 3383.31 62.230038 58.457204
725000 297.52456 -444059.12 -440516.1 3387.42 59.871185 58.46346
726000 299.87373 -444087.81 -440516.82 3391.28 74.075576 58.532236
727000 298.70299 -444074.53 -440517.48 3393.4 54.90795 58.51634
728000 297.22153 -444057.03 -440517.62 3395.43 57.643045 58.512527
729000 296.31752 -444045.34 -440516.7 3401.59 29.912903 58.38818
730000 304.47082 -444143.44 -440517.7 3403.37 43.005013 58.321587
731000 296.59369 -444049.06 -440517.13 3408.97 56.469922 58.313605
732000 300.74501 -444098.03 -440516.66 3414.97 45.002065 58.256474
733000 303.25768 -444129.34 -440518.05 3416.44 47.908397 58.212252
734000 301.81423 -444111.59 -440517.49 3421.17 36.99312 58.121958
735000 297.78499 -444062.91 -440516.78 3426.12 47.059214 58.075082
736000 297.81952 -444063.97 -440517.43 3433.32 45.584377 58.022378
737000 299.77889 -444087.06 -440517.19 3438.7 53.362431 58.002799
738000 294.14096 -444020.03 -440517.3 3446.2 46.341405 57.954006
739000 299.48042 -444082.28 -440515.97 3448.28 36.663845 57.865297
740000 300.92126 -444100.47 -440517 3453.2 42.092558 57.79985
741000 299.97469 -444088.5 -440516.3 3458.14 45.904981 57.750698
742000 298.85627 -444076.09 -440517.21 3460.24 34.769239 57.656124
743000 296.80163 -444051.41 -440516.99 3467.82 41.502229 57.589919
744000 298.55556 -444071.66 -440516.36 3469.19 34.774879 57.496797
745000 300.7176 -444097.5 -440516.45 3475.14 44.930563 57.445714
746000 302.62042 -444120 -440516.29 3480.61 46.044429 57.399555
747000 295.77219 -444039.06 -440516.91 3482.44 56.744054 57.396912
748000 300.16315 -444091.53 -440517.09 3490.16 29.475127 57.284777
749000 301.87389 -444111.22 -440516.4 3494.72 47.933274 57.247371
750000 302.79128 -444122.78 -440517.04 3496.7 37.412104 57.168346
751000 292.90998 -444004.5 -440516.43 3503.2 39.387718 57.097787
752000 297.7537 -444062.53 -440516.78 3507.38 50.041589 57.069897
753000 299.64958 -444085.41 -440517.08 3508.92 45.506414 57.024372
754000 297.80318 -444063.16 -440516.82 3514.78 29.269325 56.915529
755000 297.69029 -444061.34 -440516.35 3519.97 40.017902 56.849522
756000 296.82966 -444051.59 -440516.85 3521.81 41.803617 56.790978
757000 304.38428 -444142.5 -440517.79 3523.87 49.109353 56.761204
758000 299.21346 -444080.16 -440517.02 3526.1 43.755038 56.710987
759000 302.54527 -444119.75 -440516.94 3530.97 52.351811 56.694221
760000 297.95558 -444065.31 -440517.16 3532.72 44.984308 56.649356
761000 295.29463 -444033.22 -440516.75 3537.94 51.650368 56.630275
762000 299.28703 -444081 -440516.99 3544.46 52.364013 56.614054
763000 297.42206 -444059.12 -440517.32 3550.41 45.874502 56.573374
764000 299.28437 -444081.69 -440517.71 3557.03 37.895498 56.502891
765000 300.68038 -444097.88 -440517.27 3561.25 60.477518 56.517833
766000 302.05003 -444114.03 -440517.12 3567.53 67.157272 56.557682
767000 296.29954 -444045.84 -440517.41 3573.68 67.445819 56.598309
768000 301.81005 -444111.66 -440517.6 3582.12 66.155982 56.633839
769000 297.13347 -444056.06 -440517.7 3586.77 55.979783 56.631417
770000 304.05901 -444137.78 -440516.94 3591.77 59.368829 56.641518
771000 300.36358 -444093.5 -440516.67 3593.55 62.988472 56.664852
772000 298.49729 -444071.34 -440516.74 3600.33 49.021309 56.636854
773000 298.58544 -444072.38 -440516.72 3604.59 58.505406 56.643674
774000 304.50111 -444143.34 -440517.24 3612.44 60.157726 56.656452
775000 302.0622 -444114.19 -440517.13 3618.93 68.89704 56.700802
776000 299.25459 -444080.75 -440517.13 3625.42 48.489048 56.671157
777000 298.43531 -444071.19 -440517.32 3629.88 31.347705 56.580065
778000 299.47779 -444083.78 -440517.5 3634.93 50.390078 56.557879
779000 299.83895 -444087.81 -440517.23 3644.02 56.287589 56.556913
780000 300.90691 -444098.94 -440515.64 3648.61 64.344972 56.584629
781000 301.10139 -444102.88 -440517.26 3653.69 60.505819 56.598534
782000 298.1312 -444067.34 -440517.1 3659 56.533524 56.598304
783000 297.78666 -444062.56 -440516.42 3665.36 65.013513 56.627935
784000 300.23299 -444093.47 -440518.19 3670.1 55.458514 56.623832
785000 291.64976 -443989.25 -440516.19 3671.63 67.827536 56.663006
786000 304.18452 -444139.62 -440517.29 3674.41 65.048834 56.692225
787000 300.47204 -444094.47 -440516.35 3679.33 70.052885 56.738616
788000 299.54444 -444083.91 -440516.83 3683.95 66.999821 56.774122
789000 302.42899 -444120.03 -440518.61 3689.67 59.910301 56.784936
790000 296.52943 -444048.03 -440516.86 3691.35 74.468557 56.845705
791000 299.41735 -444082.16 -440516.59 3693.05 72.467102 56.899203
792000 300.98802 -444100.84 -440516.58 3696.83 75.399393 56.962343
793000 301.85541 -444112.78 -440518.19 3703.46 53.01498 56.948917
794000 301.55568 -444107.44 -440516.41 3704.94 65.126214 56.976636
795000 301.63597 -444109.38 -440517.39 3713.39 51.972327 56.95973
796000 299.12763 -444079.97 -440517.86 3715.43 54.266059 56.95066
797000 300.94029 -444100.19 -440516.49 3717.58 68.060474 56.987942
798000 298.53532 -444072.03 -440516.97 3721.52 65.769374 57.017311
799000 298.44517 -444070.38 -440516.39 3723.5 54.25576 57.008106
800000 295.05522 -444030.56 -440516.95 3729.09 62.21952 57.025419
801000 301.40535 -444105.84 -440516.61 3730.48 64.192426 57.049151
802000 296.24915 -444044.47 -440516.63 3735.69 57.985051 57.05224
803000 302.35774 -444117.41 -440516.83 3737.63 65.497583 57.080021
804000 296.01667 -444042.34 -440517.28 3741.76 55.827732 57.075915
805000 300.35197 -444094.22 -440517.53 3743.74 46.512243 57.041393
806000 296.96602 -444054.22 -440517.85 3752.95 56.598092 57.039949
807000 301.28258 -444105.16 -440517.38 3758.52 62.935178 57.059089
808000 299.35616 -444081.88 -440517.04 3767.34 59.214013 57.066063
809000 297.23761 -444056.62 -440517.02 3775.48 58.060516 57.069271
810000 299.20567 -444080.09 -440517.05 3777.39 62.896058 57.088007
811000 296.40205 -444045.91 -440516.25 3782.08 58.784326 57.093444
812000 298.89841 -444076.28 -440516.9 3787.07 54.772972 57.08603
813000 299.45656 -444084.12 -440518.1 3791.37 54.447627 57.077628
814000 294.65729 -444025.25 -440516.37 3798.93 46.028585 57.042551
815000 296.07555 -444041.88 -440516.11 3803.47 49.094486 57.017399
816000 295.82213 -444039.59 -440516.84 3807.54 53.133055 57.005146
817000 294.45711 -444023.31 -440516.82 3811.83 47.414387 56.974986
818000 299.03544 -444077.62 -440516.61 3817.02 64.22099 56.997701
819000 300.99529 -444101.62 -440517.27 3825.31 62.911934 57.016183
820000 297.95753 -444065.31 -440517.13 3829.94 63.603593 57.036704
821000 302.33919 -444116.94 -440516.58 3835.38 58.144279 57.040144
822000 298.8115 -444075.91 -440517.56 3837.35 65.368809 57.065929
823000 302.55564 -444120.59 -440517.66 3842.7 63.215437 57.084909
824000 299.71459 -444086.19 -440517.09 3850.29 71.223415 57.128412
825000 301.37701 -444105.75 -440516.85 3857.31 68.40516 57.163004
826000 299.01687 -444078 -440517.21 3861.63 71.538705 57.206966
827000 304.78574 -444146.84 -440517.35 3868.91 80.490529 57.277953
828000 304.10822 -444139.16 -440517.73 3874.23 74.495682 57.330286
829000 299.15706 -444079.44 -440516.97 3877.85 67.629928 57.361497
830000 297.85313 -444063.62 -440516.69 3884.77 72.442989 57.40706
831000 300.66295 -444097.53 -440517.14 3888.31 77.024476 57.466149
832000 300.32759 -444093.69 -440517.29 3890.66 72.542879 57.511425
833000 295.97417 -444041.12 -440516.57 3899.06 73.81003 57.560223
834000 301.847 -444112.03 -440517.54 3905.83 55.689226 57.554638
835000 300.72948 -444098.31 -440517.12 3907.56 81.044068 57.624547
836000 303.41584 -444130.81 -440517.63 3911.96 69.759636 57.660556
837000 298.84595 -444076.03 -440517.27 3916.28 75.02677 57.711935
838000 301.85407 -444110.91 -440516.33 3924.02 75.841521 57.765415
839000 297.22026 -444056.16 -440516.76 3928.43 74.033404 57.813262
840000 304.55294 -444143.84 -440517.12 3933.04 77.546841 57.871132
841000 300.65463 -444097.31 -440517.02 3937.53 89.768723 57.964399
842000 299.59549 -444085.16 -440517.47 3941.75 92.035266 58.063731
843000 301.00738 -444101.16 -440516.66 3943.2 83.045243 58.136352
844000 298.69507 -444073.62 -440516.66 3945.22 57.667034 58.134992
845000 303.16202 -444127.66 -440517.5 3949.25 54.169443 58.123531
846000 296.8267 -444051.47 -440516.76 3954.86 61.249943 58.13254
847000 300.57714 -444095.25 -440515.88 3959.27 63.521386 58.148026
848000 297.30168 -444057.88 -440517.51 3963.32 52.022977 58.130475
849000 303.47062 -444130.84 -440517.01 3968.73 55.268754 58.122299
850000 305.35445 -444153.06 -440516.8 3970.27 63.181887 58.136714
851000 297.02494 -444053.91 -440516.83 3972.44 46.052111 58.102382
852000 299.81041 -444087.84 -440517.6 3976.89 49.162827 58.077058
853000 296.40384 -444045.59 -440515.92 3982 56.764602 58.07335
854000 294.67299 -444025.78 -440516.72 3989.6 40.327257 58.023361
855000 302.94609 -444124.44 -440516.85 3998.16 57.386072 58.021571
856000 298.87778 -444076.38 -440517.24 4005.57 61.716477 58.031921
857000 300.74792 -444098.91 -440517.5 4011.29 73.47802 58.075067
858000 304.43222 -444142.22 -440516.94 4018.36 62.927826 58.088584
859000 306.01993 -444161.47 -440517.28 4024.16 68.129966 58.116477
860000 297.26185 -444057 -440517.11 4027.79 66.605588 58.139992
861000 298.62 -444072.88 -440516.81 4029.08 62.336943 58.151586
862000 305.27391 -444152.72 -440517.41 4037.76 66.248644 58.173892
863000 301.88574 -444112.97 -440518.01 4042.07 59.187913 58.176678
864000 294.49511 -444022.19 -440515.24 4050.03 64.22001 58.193235
865000 296.15218 -444043.72 -440517.04 4053.99 69.764612 58.224851
866000 300.23682 -444093.03 -440517.71 4060.33 72.986834 58.265074
867000 296.08385 -444043.19 -440517.32 4068.9 71.06843 58.299866
868000 300.35709 -444094.03 -440517.28 4073.31 63.858556 58.31493
869000 298.86512 -444075.56 -440516.58 4078.4 58.294961 58.314876
870000 304.64689 -444144.69 -440516.85 4080.47 88.446662 58.396094
871000 300.7215 -444097.69 -440516.59 4085.05 70.533417 58.428721
872000 296.83995 -444051.59 -440516.72 4088.59 63.443106 58.442165
873000 300.931 -444099.78 -440516.19 4096.55 50.136123 58.419956
874000 296.25623 -444043.62 -440515.71 4103.53 68.667087 58.447282
875000 299.7675 -444087.06 -440517.33 4104.79 58.234192 58.446715
876000 301.17164 -444103.5 -440517.05 4106.45 38.797587 58.394595
877000 298.54037 -444072.69 -440517.57 4115.15 58.730955 58.395485
878000 303.85329 -444135.84 -440517.46 4122.09 58.488328 58.39573
879000 294.9108 -444028.41 -440516.51 4125.43 59.78134 58.399376
880000 298.67178 -444074.41 -440517.72 4133.76 58.313178 58.39915
881000 300.32977 -444094.78 -440518.35 4137.56 71.605442 58.433721
882000 298.48057 -444071.91 -440517.5 4144.29 57.105587 58.430254
883000 299.27208 -444080.78 -440516.95 4151.65 67.636303 58.454228
884000 303.65401 -444132.28 -440516.27 4158.83 70.5487 58.485642
885000 302.26766 -444116.53 -440517.03 4162.04 69.116104 58.513182
886000 302.62138 -444120.66 -440516.94 4165.93 77.238426 58.561568
887000 304.5776 -444144.66 -440517.64 4170.31 94.964773 58.65539
888000 302.40951 -444118.78 -440517.59 4177.97 69.303027 58.682762
889000 302.29615 -444117.91 -440518.06 4184.54 64.064 58.69656
890000 299.12361 -444079.75 -440517.69 4188.86 62.171656 58.705448
891000 297.07249 -444055.09 -440517.45 4193.59 68.661908 58.730847
892000 297.5662 -444059.59 -440516.08 4195.31 86.095861 58.800478
893000 301.28069 -444104.75 -440517 4200.19 67.990783 58.823804
894000 297.83778 -444063.84 -440517.09 4208.85 73.736504 58.861558
895000 301.99551 -444113.06 -440516.8 4214.84 82.674591 58.921691
896000 299.65492 -444084.97 -440516.58 4218.13 79.798489 58.974278
897000 295.81012 -444039.25 -440516.64 4222.15 87.30537 59.045461
898000 298.75917 -444075.06 -440517.34 4226.3 100.28607 59.148821
899000 299.04028 -444078.06 -440516.99 4228.26 90.590817 59.227426
900000 302.76009 -444122.12 -440516.76 4233.59 85.587456 59.293162
901000 298.45865 -444070.34 -440516.2 4241.12 84.167412 59.355038
902000 299.38526 -444082.41 -440517.23 4245.88 82.281226 59.411927
903000 302.58179 -444119.41 -440516.16 4252.34 83.019855 59.470363
904000 301.23698 -444104.94 -440517.71 4259.87 95.671204 59.559747
905000 297.11968 -444055.09 -440516.89 4265.93 97.95283 59.654312
906000 298.2386 -444068.66 -440517.13 4267.61 76.864477 59.696597
907000 299.89631 -444088.44 -440517.17 4275.27 85.188848 59.759078
908000 299.62881 -444084.56 -440516.48 4281.31 82.913715 59.815691
909000 295.14041 -444031.38 -440516.74 4288.86 86.725045 59.881323
910000 301.09229 -444103.16 -440517.65 4292.92 80.476621 59.931434
911000 300.65839 -444096.44 -440516.1 4296.74 76.416642 59.971446
912000 299.64308 -444084.56 -440516.31 4302.76 81.622253 60.02387
913000 296.59873 -444048.16 -440516.16 4308.19 75.945811 60.062328
914000 298.20069 -444067.38 -440516.3 4312.31 85.631323 60.12394
915000 300.61213 -444096.44 -440516.65 4314.02 74.02731 60.157362
916000 299.19884 -444080.28 -440517.32 4318.11 69.57226 60.17994
917000 304.3712 -444141.88 -440517.32 4322.54 58.43461 60.175764
918000 299.38584 -444081.47 -440516.28 4325.72 85.889141 60.237133
919000 298.55846 -444072.59 -440517.26 4330.01 68.721331 60.257333
920000 295.67815 -444037.06 -440516.03 4335 80.66811 60.305815
921000 300.31146 -444093.84 -440517.63 4340.76 63.884205 60.314294
922000 292.03389 -443994.09 -440516.46 4342.35 76.911311 60.353531
923000 299.17611 -444079.75 -440517.06 4344.07 61.664435 60.356623
924000 302.47059 -444119.62 -440517.7 4348.93 57.967137 60.351
925000 294.25158 -444020.19 -440516.14 4353.63 59.349537 60.348649
926000 302.46147 -444119.28 -440517.47 4357.2 63.293156 60.355545
927000 296.11788 -444042.41 -440516.13 4365.97 91.058609 60.427281
928000 301.24101 -444104.78 -440517.5 4367.96 74.510141 60.460109
929000 301.38763 -444105.72 -440516.69 4369.67 78.771994 60.502694
930000 297.77439 -444062.69 -440516.69 4372.77 74.16594 60.534396
931000 301.29029 -444105.03 -440517.17 4376.81 73.525034 60.564467
932000 297.84574 -444063.81 -440516.97 4382.22 47.544959 60.534398
933000 298.59081 -444072.62 -440516.91 4387.56 56.91578 60.526061
934000 299.87201 -444087.78 -440516.8 4395.65 68.852167 60.545201
935000 303.21025 -444127.53 -440516.8 4397.48 70.974912 60.569122
936000 299.30105 -444081.56 -440517.39 4398.78 63.512799 60.575858
937000 298.9023 -444076.69 -440517.26 4407.64 62.53541 60.580332
938000 301.86732 -444111.88 -440517.14 4414.14 65.462937 60.591454
939000 298.85824 -444074.97 -440516.06 4420.44 60.515807 60.591283
940000 303.92007 -444136.91 -440517.72 4424.44 74.512182 60.622849
941000 298.00715 -444066 -440517.23 4425.66 71.321749 60.647055
942000 302.79258 -444122.91 -440517.15 4427.49 66.839606 60.661034
943000 294.99604 -444029.47 -440516.56 4433.42 58.612565 60.65642
944000 297.70662 -444063 -440517.81 4435.35 63.213037 60.662165
945000 297.74056 -444062 -440516.41 4440.13 61.740693 60.664583
946000 299.10774 -444078.59 -440516.72 4443.94 60.776086 60.664833
947000 294.1208 -444019.62 -440517.14 4448.86 56.317114 60.655128
948000 299.73475 -444086.72 -440517.38 4450.28 68.866576 60.673416
949000 304.48747 -444142.69 -440516.75 4454.17 79.242565 60.714681
950000 299.55413 -444084.34 -440517.15 4460.62 61.145903 60.715637
951000 301.93166 -444111.94 -440516.43 4465.14 79.356126 60.756877
952000 300.19952 -444092.03 -440517.15 4469.22 76.387099 60.791381
953000 298.06659 -444065.22 -440515.74 4473.44 70.60689 60.813001
954000 302.40886 -444118.28 -440517.09 4478.84 86.155689 60.868699
955000 294.76795 -444026.56 -440516.37 4483.43 74.341842 60.898246
956000 306.53296 -444168.09 -440517.8 4484.84 72.571549 60.923789
957000 300.07169 -444089.97 -440516.61 4486.57 68.831308 60.941054
958000 296.61726 -444049.25 -440517.03 4491.5 64.159717 60.948067
959000 301.22364 -444103.53 -440516.46 4497.87 63.03335 60.9526
960000 299.97183 -444089.34 -440517.18 4499.7 66.358431 60.964326
961000 296.59463 -444048.81 -440516.86 4502.12 58.108452 60.958145
962000 295.1758 -444030.75 -440515.7 4509.69 55.459702 60.946269
963000 293.27497 -444009.59 -440517.18 4517.04 76.390563 60.979554
964000 301.71788 -444109.59 -440516.64 4518.5 69.713916 60.998338
965000 295.69464 -444038.34 -440517.11 4520.99 61.485618 60.999383
966000 299.2439 -444079.97 -440516.47 4528.65 56.207344 60.989122
967000 303.18048 -444128.12 -440517.75 4533.02 57.310449 60.981262
968000 296.51691 -444048.47 -440517.45 4535.65 60.153139 60.979496
969000 298.09663 -444066.72 -440516.88 4543.99 66.287286 60.990789
970000 298.21518 -444069.03 -440517.78 4552.98 70.884523 61.011795
971000 298.15388 -444066.84 -440516.33 4557.4 65.204932 61.020679
972000 302.51603 -444120.16 -440517.69 4563.26 69.411379 61.038418
973000 300.09239 -444090.28 -440516.68 4570.4 84.405897 61.087716
974000 296.89701 -444052.88 -440517.33 4574.58 66.856295 61.099861
975000 299.00246 -444077.47 -440516.85 4576.96 65.901527 61.109948
976000 302.55961 -444120.31 -440517.33 4578.59 66.258885 61.120743
977000 301.84191 -444111.97 -440517.53 4582.44 58.84279 61.115977
978000 301.03533 -444102.34 -440517.51 4589.39 59.712609 61.113047
979000 295.72917 -444036.84 -440515.2 4596.4 63.101082 61.117189
980000 300.9278 -444100.84 -440517.29 4600.47 46.351722 61.086492
981000 294.66672 -444025.94 -440516.95 4604.5 68.674564 61.102235
982000 302.91353 -444124.84 -440517.65 4609.19 57.29795 61.094358
983000 297.99335 -444065.25 -440516.65 4616.02 61.979864 61.096188
984000 297.98539 -444066.06 -440517.55 4624.32 67.766535 61.109941
985000 299.71763 -444085.91 -440516.77 4628.08 59.785343 61.107216
986000 298.54741 -444072.16 -440516.95 4634.77 63.177186 61.111466
987000 300.1252 -444091.03 -440517.04 4636.63 79.061985 61.14825
988000 301.56929 -444108.88 -440517.69 4639.08 68.846192 61.163992
989000 297.09198 -444055.41 -440517.54 4647.2 55.267403 61.151958
990000 300.0962 -444091.28 -440517.63 4652.26 51.752069 61.132814
991000 303.86203 -444136.12 -440517.63 4659.03 55.615302 61.121599
992000 297.75761 -444062.91 -440517.11 4665.18 71.495332 61.142641
993000 301.63013 -444108.53 -440516.62 4671.51 52.186353 61.124511
994000 296.31199 -444044.97 -440516.39 4678.12 55.896744 61.11395
995000 298.75234 -444074.41 -440516.76 4682.31 56.781379 61.105215
996000 299.97188 -444088.69 -440516.52 4688.91 72.112804 61.127363
997000 297.2612 -444056.91 -440517.02 4693.57 78.009026 61.161262
998000 299.66974 -444085.28 -440516.71 4698.22 74.790765 61.188576
999000 301.35215 -444105.62 -440517.02 4702.72 70.558701 61.207316
1000000 299.20175 -444080.5 -440517.5 4704.79 68.230765 61.221335
1001000 299.25131 -444080 -440516.41 4710.85 63.977029 31.988515
1002000 298.32635 -444069.06 -440516.49 4714.96 56.354447 40.110492
1003000 299.98294 -444089.62 -440517.33 4721.73 66.246311 46.644447
1004000 304.46422 -444143.53 -440517.87 4727.76 52.979364 47.91143
1005000 293.40257 -444010 -440516.06 4732.25 67.156726 51.11898
1006000 295.7704 -444038.16 -440516.02 4737.11 80.561567 55.325064
1007000 297.57878 -444061.16 -440517.49 4738.92 82.353333 58.703597
1008000 299.50509 -444083.72 -440517.11 4742.93 63.816167 59.271661
1009000 299.45933 -444082.94 -440516.88 4751.12 54.079017 58.752396
1010000 299.81231 -444086.44 -440516.17 4758.19 59.062107 58.780552
1011000 296.55447 -444048.16 -440516.69 4765.14 67.235143 59.485101
1012000 299.7017 -444085.88 -440516.93 4772.19 71.452868 60.405699
1013000 298.23686 -444068.38 -440516.87 4774.86 62.586118 60.561443
1014000 303.56963 -444131.91 -440516.9 4780.38 56.183908 60.269607
1015000 295.3036 -444032.97 -440516.39 4781.85 53.203353 59.827966
1016000 300.70999 -444097.94 -440516.98 4786.06 60.978296 59.895633
1017000 298.15322 -444066.66 -440516.15 4790.3 79.477439 60.983511
1018000 299.26144 -444080.34 -440516.64 4798.04 85.68074 62.283365
1019000 298.04646 -444065.78 -440516.54 4802.69 78.99355 63.118874
1020000 302.77484 -444122.69 -440517.14 4806.9 60.748105 63.005981
1021000 303.30254 -444128.25 -440516.42 4810.75 61.417718 62.933787
1022000 299.70077 -444085.66 -440516.72 4818.58 54.166878 62.552617
1023000 303.65372 -444134.16 -440518.15 4822.85 71.925578 62.943157
1024000 292.62276 -444000.38 -440515.72 4827.23 67.224907 63.114427
1025000 301.54123 -444107.94 -440517.08 4834.94 60.20567 63.002552
1026000 302.89965 -444123.91 -440516.88 4839.54 75.491696 63.465113
1027000 301.58029 -444107.38 -440516.06 4843.7 66.700218 63.580652
1028000 298.19974 -444068.38 -440517.31 4845.31 48.429558 63.0582
1029000 294.74012 -444026.88 -440517.01 4847.18 48.547248 62.574502
1030000 292.73544 -444002.81 -440516.82 4849.39 37.942425 61.779919
1031000 299.25629 -444080.41 -440516.76 4854.18 35.290252 60.952117
1032000 297.78224 -444062.16 -440516.07 4860 30.344014 60.024599
1033000 302.78427 -444123.5 -440517.84 4867.14 23.975181 58.964322
1034000 301.95052 -444113.84 -440518.12 4875.85 25.920554 58.020214
1035000 297.42395 -444059.03 -440517.21 4884.15 41.468928 57.560456
1036000 298.95806 -444077.12 -440517.03 4886.19 46.647061 57.265499
1037000 297.90374 -444065.28 -440517.74 4893.76 38.398146 56.76899
1038000 299.81914 -444087.69 -440517.34 4898.6 39.391733 56.323419
1039000 303.09828 -444127.06 -440517.67 4905.62 52.322551 56.223398
1040000 297.34131 -444057.91 -440517.07 4907.34 53.517026 56.157389
1041000 297.83248 -444063.91 -440517.22 4916.3 64.031101 56.344858
1042000 292.15083 -443995.53 -440516.5 4921.51 61.578065 56.46656
1043000 298.01208 -444065.94 -440517.11 4923.79 45.43412 56.215823
1044000 299.13366 -444079.12 -440516.94 4929 43.876298 55.941612
1045000 298.58376 -444072.25 -440516.61 4936.56 54.737886 55.915444
1046000 299.45643 -444083.5 -440517.47 4941.44 48.001627 55.747065
1047000 299.6788 -444086.03 -440517.36 4943.77 45.387211 55.531234
1048000 301.33982 -444105.34 -440516.89 4948.91 59.225815 55.606634
1049000 296.21764 -444043.81 -440516.35 4956.17 69.392229 55.882346
1050000 298.86534 -444076.31 -440517.32 4961.96 59.871721 55.960569
1051000 297.10395 -444054.59 -440516.58 4967.93 58.178782 56.003227
1052000 298.98258 -444077.62 -440517.24 4975.57 48.717055 55.865752
1053000 297.47492 -444059.31 -440516.88 4980.11 58.908626 55.922101
1054000 297.50741 -444059.09 -440516.28 4983.98 40.959483 55.650054
1055000 300.4073 -444095.28 -440517.93 4988.39 40.838637 55.385564
1056000 299.23325 -444080 -440516.63 4992.94 48.973941 55.273079
1057000 297.67563 -444061.44 -440516.62 4994.59 62.532231 55.398237
1058000 302.6299 -444120.59 -440516.78 5000.28 60.94783 55.492298
1059000 303.20706 -444128.44 -440517.75 5002.53 40.065842 55.235191
1060000 301.7601 -444110.84 -440517.38 5004.29 48.9144 55.131571
1061000 297.07434 -444054.53 -440516.87 5009.11 34.865607 54.804701
1062000 303.44365 -444130.47 -440516.96 5018.1 45.437071 54.656008
1063000 302.26039 -444116.31 -440516.89 5026.62 40.284518 54.431454
1064000 299.7808 -444086.06 -440516.17 5028.38 39.848197 54.207096
1065000 301.27793 -444105.03 -440517.31 5030.49 44.006367 54.052539
1066000 301.70436 -444110.06 -440517.27 5038 44.550127 53.910712
1067000 295.62788 -444036.66 -440516.22 5046.36 38.695802 53.686964
1068000 300.52225 -444096.19 -440517.47 5051.07 37.669027 53.45482
1069000 297.51268 -444059.06 -440516.18 5055.83 34.829108 53.188738
1070000 298.44382 -444070.16 -440516.19 5058.25 36.390242 52.952139
1071000 297.86573 -444064.66 -440517.57 5062.3 49.821041 52.908652
1072000 297.84604 -444063.81 -440516.96 5071.73 51.808686 52.893584
1073000 303.68697 -444133.41 -440517 5074.16 43.949047 52.772712
1074000 300.80672 -444098.81 -440516.71 5081.88 38.834077 52.586863
1075000 300.07416 -444090.47 -440517.08 5085.98 53.807981 52.602931
1076000 299.00084 -444076.66 -440516.05 5093.55 52.139989 52.596918
1077000 303.04735 -444125.5 -440516.71 5095.65 56.323454 52.644695
1078000 299.27921 -444080.88 -440516.96 5101.91 50.91485 52.622798
1079000 303.50287 -444130.97 -440516.75 5103.24 50.718973 52.599
1080000 298.31182 -444069.69 -440517.29 5108.58 55.90805 52.639852
1081000 297.06952 -444053.81 -440516.21 5110.7 53.657509 52.652263
1082000 298.69163 -444074.41 -440517.49 5112.35 61.303836 52.756499
1083000 299.08187 -444078.34 -440516.78 5118.08 56.069189 52.795936
1084000 298.84424 -444075.41 -440516.67 5122.55 54.112599 52.811426
1085000 300.29015 -444092.03 -440516.08 5129.72 56.576948 52.855211
1086000 297.49121 -444059.38 -440516.75 5131.39 43.38072 52.746309
1087000 299.7491 -444086.47 -440516.96 5139.04 62.394816 52.855951
1088000 299.29182 -444081.16 -440517.09 5141.16 66.008742 53.003735
1089000 301.03594 -444101.84 -440517.01 5152.38 66.121355 53.149486
1090000 301.54316 -444107.84 -440516.97 5156.46 68.050784 53.313237
1091000 295.76444 -444038.38 -440516.31 5158.95 77.967979 53.581223
1092000 299.58815 -444083.94 -440516.34 5160.92 69.301946 53.750263
1093000 301.55479 -444109.16 -440518.14 5167.02 80.939296 54.039508
1094000 299.24248 -444080.72 -440517.24 5172.77 85.407348 54.369696
1095000 297.47039 -444058 -440515.62 5178.52 80.957413 54.646651
1096000 303.25155 -444127.66 -440516.43 5180.58 74.1091 54.847295
1097000 295.6647 -444036.81 -440515.94 5184.61 61.691266 54.917132
1098000 296.36744 -444045.25 -440516.01 5190.57 42.254297 54.789224
1099000 298.23503 -444068.03 -440516.55 5192.67 67.246898 54.913801
1100000 304.88428 -444147.62 -440516.96 5202.22 64.661974 55.010317
1101000 301.30293 -444105.03 -440517.01 5206.39 67.844471 55.136142
1102000 302.33227 -444116.94 -440516.66 5208.51 44.407069 55.031977
1103000 301.52739 -444107.81 -440517.12 5214.25 47.141156 54.956103
1104000 294.79797 -444026.81 -440516.26 5222.2 62.233337 55.02541
1105000 301.7092 -444108.84 -440515.99 5227 61.296229 55.084569
1106000 301.16204 -444103.75 -440517.41 5234.04 60.936906 55.139264
1107000 299.1863 -444079.47 -440516.66 5239.14 81.196468 55.380534
1108000 297.5228 -444060.41 -440517.4 5244.06 82.663421 55.630836
1109000 299.19657 -444079.28 -440516.35 5249.03 72.973407 55.788496
1110000 297.83061 -444063.25 -440516.58 5255.66 74.33506 55.955582
1111000 297.78247 -444062.53 -440516.44 5257.29 82.829562 56.195528
1112000 297.28236 -444056.44 -440516.3 5264.18 59.469187 56.224499
1113000 303.30113 -444129.16 -440517.34 5267.87 64.160254 56.29411
1114000 300.39643 -444093.84 -440516.62 5271.32 62.93487 56.351856
1115000 302.18658 -444115.09 -440516.55 5276.12 71.591856 56.483235
1116000 298.36694 -444069.78 -440516.73 5278.26 55.634838 56.475984
1117000 301.2236 -444103.78 -440516.71 5282.18 53.708091 56.452527
1118000 295.46411 -444035 -440516.51 5286.24 72.757353 56.589543
1119000 301.41493 -444105.69 -440516.34 5291.24 71.73836 56.715783
1120000 298.54746 -444071.38 -440516.17 5296.71 66.596767 56.797444
1121000 301.64948 -444108.19 -440516.04 5300.63 74.669763 56.943938
1122000 303.00023 -444124.66 -440516.43 5305.58 71.210924 57.05993
1123000 297.0385 -444052.94 -440515.7 5312.43 70.506116 57.168367
1124000 303.89041 -444135.16 -440516.33 5316.3 74.697246 57.308598
1125000 298.1196 -444067.16 -440517.05 5320.85 51.785189 57.264762
1126000 303.6954 -444133.16 -440516.65 5329.05 47.908813 57.191093
1127000 306.6667 -444167.94 -440516.05 5335.51 52.476045 57.154256
1128000 298.30486 -444068.12 -440515.81 5340.45 45.529999 57.064146
1129000 300.32273 -444092.69 -440516.34 5346.76 54.778067 57.046561
1130000 298.94012 -444076.34 -440516.46 5351.39 57.366165 57.049
1131000 298.49871 -444071.12 -440516.5 5352.95 49.591526 56.992504
1132000 307.29758 -444176.81 -440517.41 5356.88 43.318118 56.889689
1133000 299.96157 -444087.81 -440515.77 5363.51 58.463661 56.901435
1134000 301.81818 -444110.19 -440516.04 5364.87 69.716963 56.996365
1135000 301.28812 -444104.69 -440516.85 5368.97 74.823878 57.12745
1136000 300.37657 -444093.09 -440516.11 5373.95 66.806607 57.198101
1137000 302.84049 -444123.06 -440516.74 5378.93 66.856621 57.26809
1138000 302.88819 -444123.59 -440516.7 5385.44 80.200574 57.433072
1139000 302.47393 -444118.53 -440516.57 5387.15 72.454192 57.540366
1140000 296.98331 -444052.28 -440515.7 5393.35 61.615872 57.56927
1141000 303.34201 -444129.09 -440516.8 5395.42 63.127626 57.608413
1142000 296.79505 -444050.31 -440515.98 5400.15 70.286364 57.69707
1143000 296.04221 -444040.47 -440515.1 5407.22 58.238828 57.700832
1144000 296.54209 -444047.59 -440516.27 5411.24 56.452047 57.69222
1145000 299.43595 -444082.09 -440516.31 5415.66 78.164068 57.832438
1146000 301.16786 -444103.06 -440516.65 5417.73 74.856123 57.948246
1147000 298.78323 -444073.81 -440515.8 5423.03 77.952996 58.083413
1148000 302.75467 -444121.84 -440516.54 5428.07 69.461937 58.159779
1149000 299.64313 -444085.19 -440516.94 5432.12 79.530779 58.302252
1150000 297.16901 -444055.75 -440516.96 5436.35 75.838466 58.418386
1151000 298.81018 -444074.09 -440515.76 5440.85 71.20419 58.502503
1152000 295.69288 -444036.94 -440515.73 5442.93 71.147112 58.585148
1153000 300.40038 -444094.5 -440517.23 5447.36 76.058481 58.698611
1154000 297.45116 -444059.06 -440516.91 5454.68 67.160114 58.753201
1155000 298.4284 -444071.34 -440517.56 5456.49 71.233917 58.833206
1156000 303.01716 -444124.41 -440515.98 5460.34 69.993602 58.904291
1157000 300.17388 -444092.16 -440517.58 5462.63 82.319074 59.052486
1158000 299.9643 -444088.16 -440516.08 5469.67 82.569435 59.200391
1159000 300.60608 -444096.84 -440517.13 5473.71 84.099155 59.356009
1160000 296.67507 -444048.97 -440516.06 5482.03 81.974311 59.496495
1161000 296.73027 -444049.94 -440516.37 5487.04 68.551067 59.552387
1162000 296.40097 -444045.66 -440516.01 5491.46 64.192436 59.580854
1163000 300.18154 -444090.97 -440516.31 5498.9 82.079136 59.718039
1164000 298.17959 -444066.91 -440516.08 5504.86 76.192686 59.817885
1165000 298.36506 -444069.34 -440516.31 5507.19 54.713701 59.787137
1166000 300.40985 -444094.16 -440516.77 5513.34 60.359195 59.790562
1167000 303.17019 -444127.19 -440516.93 5515.55 56.242593 59.769443
1168000 303.59836 -444131.84 -440516.49 5523.16 69.4004 59.826431
1169000 299.83491 -444086.88 -440516.34 5527.18 85.311905 59.976346
1170000 297.6981 -444061.38 -440516.29 5533.54 76.388836 60.072325
1171000 305.46886 -444154.16 -440516.53 5539.35 48.779438 60.006669
1172000 300.20642 -444091.56 -440516.6 5541.27 60.238618 60.00801
1173000 302.18398 -444115.03 -440516.52 5550.54 51.681122 59.960154
1174000 297.99439 -444064.78 -440516.16 5558.61 71.008169 60.023286
1175000 296.86205 -444052 -440516.87 5563.25 71.40472 60.087953
1176000 301.37774 -444105.56 -440516.66 5567.23 62.83641 60.103481
1177000 295.95305 -444040.81 -440516.5 5571.88 62.720898 60.118185
1178000 300.19834 -444091.66 -440516.79 5579.59 87.21545 60.269567
1179000 299.65065 -444085.03 -440516.69 5581.19 70.055694 60.323934
1180000 297.76551 -444062.31 -440516.42 5588.06 66.653794 60.358906
1181000 299.02471 -444077.66 -440516.77 5592.13 55.837618 60.334064
1182000 294.83168 -444027.47 -440516.51 5594.09 49.632155 60.275583
1183000 298.53122 -444071.69 -440516.68 5598.58 44.993933 60.192531
1184000 301.6828 -444109.69 -440517.15 5603.42 61.089722 60.19738
1185000 295.91229 -444039.88 -440516.05 5604.85 70.804967 60.25441
1186000 302.15127 -444114.53 -440516.41 5613.75 74.039609 60.328128
1187000 296.26665 -444044.34 -440516.3 5621.15 75.277712 60.407647
1188000 296.17464 -444043.16 -440516.21 5625.01 74.289648 60.481097
1189000 301.98052 -444112.34 -440516.26 5629.27 72.966767 60.546811
1190000 298.08441 -444065.72 -440516.03 5636 81.750091 60.657823
1191000 299.42574 -444081.97 -440516.31 5637.66 64.496157 60.677814
1192000 298.05459 -444067 -440517.67 5645.7 55.485553 60.650911
1193000 300.21806 -444091.91 -440516.81 5650.69 68.516048 60.691453
1194000 300.00869 -444090.06 -440517.46 5654.66 70.24986 60.740471
1195000 298.82355 -444074.84 -440516.35 5660.11 73.274044 60.804418
1196000 297.50647 -444058.38 -440515.57 5663.97 52.738051 60.763472
1197000 299.34206 -444080.72 -440516.05 5670.15 50.914293 60.713728
1198000 301.52684 -444106.94 -440516.25 5673.94 61.007148 60.715203
1199000 295.63562 -444036.31 -440515.78 5680.38 51.728274 60.670268
1200000 300.40915 -444094.72 -440517.35 5686.57 54.290647 60.638529
1201000 304.04223 -444138.88 -440518.24 5688.4 64.68403 60.658556
1202000 301.00822 -444101.12 -440516.62 5692.98 44.187526 60.577418
1203000 299.56116 -444083.59 -440516.32 5701.18 43.5655 60.494026
1204000 302.69679 -444121.72 -440517.1 5703.24 54.631304 60.465427
1205000 297.1924 -444056.31 -440517.25 5708.84 69.141891 60.507546
1206000 296.39073 -444045.62 -440516.1 5716 65.386581 60.531116
1207000 301.23519 -444103.53 -440516.32 5721.16 75.076649 60.601047
1208000 293.12318 -444006.12 -440515.52 5727.37 72.103444 60.656082
1209000 303.48888 -444130.75 -440516.7 5733.29 64.574685 60.674742
1210000 298.77642 -444074.09 -440516.16 5737.39 55.9044 60.652134
1211000 303.89927 -444134.97 -440516.03 5747.48 55.91952 60.62981
1212000 299.26853 -444079.72 -440515.93 5749.31 66.355739 60.656693
1213000 300.47751 -444095.91 -440517.72 5751.72 68.233063 60.692096
1214000 301.75371 -444109.62 -440516.24 5757.21 60.376081 60.690626
1215000 303.72035 -444133.38 -440516.57 5761.95 74.038326 60.752421
1216000 299.87835 -444087.34 -440516.29 5767.87 45.096874 60.680276
1217000 301.41037 -444105.03 -440515.74 5773.59 64.815182 60.699243
1218000 297.7366 -444061.44 -440515.89 5777.31 63.399883 60.711575
1219000 301.96517 -444112.12 -440516.22 5781.62 60.853688 60.712221
1220000 297.69902 -444062 -440516.9 5788.07 55.781694 60.689911
1221000 299.34082 -444080.91 -440516.26 5792.16 65.365507 60.710972
1222000 296.04397 -444041.62 -440516.23 5795.92 62.106339 60.717229
1223000 297.73693 -444061.22 -440515.67 5804.12 49.011308 60.664971
1224000 297.9444 -444064.38 -440516.35 5808.06 58.004217 60.653145
1225000 298.69384 -444073.44 -440516.49 5812.12 74.443079 60.714163
1226000 300.25886 -444091.34 -440515.76 5817.22 88.349282 60.835903
1227000 298.58048 -444072.16 -440516.56 5821.85 83.367189 60.934725
1228000 297.44704 -444057.88 -440515.78 5827.19 60.929063 60.9347
1229000 300.6196 -444095.56 -440515.68 5834.46 65.500717 60.954552
1230000 302.8132 -444122.69 -440516.69 5836.16 58.700238 60.944793
1231000 295.64224 -444035.94 -440515.33 5840.31 66.965505 60.970745
1232000 297.37432 -444057.28 -440516.05 5848.38 47.774117 60.914107
1233000 304.76769 -444145.28 -440516.01 5850 68.451567 60.946318
1234000 300.77728 -444098.5 -440516.74 5855.46 61.610973 60.949146
1235000 300.07336 -444089.69 -440516.31 5857.13 73.858939 61.003849
1236000 298.76509 -444074.59 -440516.8 5864.02 61.55209 61.006162
1237000 298.24699 -444067.44 -440515.81 5869.8 82.713519 61.09737
1238000 296.76826 -444050.09 -440516.08 5876.34 77.522917 61.166096
1239000 299.18307 -444078.34 -440515.57 5881.01 71.462373 61.208997
1240000 303.59427 -444131.91 -440516.6 5883.64 74.257153 61.263139
1241000 303.3162 -444128.34 -440516.35 5888.01 72.255184 61.30856
1242000 299.12157 -444078.38 -440516.33 5896.37 61.295008 61.308505
1243000 303.32568 -444128.31 -440516.21 5902.62 60.267499 61.304238
1244000 300.78852 -444097.84 -440515.95 5908.91 55.759556 61.281607
1245000 299.99305 -444088.47 -440516.05 5913.38 64.476957 61.294596
1246000 299.77578 -444085.72 -440515.89 5920.11 60.934313 61.293137
1247000 300.48178 -444094.09 -440515.86 5924.05 68.734629 61.323143
1248000 294.02504 -444017.31 -440515.96 5928.11 79.418037 61.395814
1249000 297.32913 -444057.62 -440516.93 5934.05 73.086516 61.442576
1250000 293.23054 -444007.31 -440515.42 5937.86 85.661804 61.539067
1251000 299.07933 -444078.16 -440516.62 5945.03 88.494567 61.646034
1252000 301.88751 -444111.62 -440516.65 5947.56 78.964088 61.714484
1253000 296.34822 -444045.66 -440516.64 5949.23 73.013338 61.758968
1254000 298.64293 -444072.41 -440516.07 5950.49 64.247379 61.768727
1255000 299.57483 -444084.41 -440516.97 5952.35 54.583642 61.74066
1256000 301.33888 -444104.81 -440516.37 5953.62 60.372744 61.735337
1257000 301.74289 -444110.06 -440516.81 5957.33 78.358408 61.799768
1258000 299.92857 -444088.16 -440516.51 5959.48 63.178084 61.805089
1259000 304.03731 -444136.59 -440516.02 5965.31 67.25208 61.826039
1260000 295.82274 -444039.31 -440516.56 5970.66 45.025715 61.76167
1261000 297.20804 -444055.28 -440516.03 5978.91 56.065599 61.73993
1262000 302.60861 -444119.97 -440516.4 5984.91 56.546068 61.720181
1263000 301.49509 -444106.91 -440516.6 5986.64 40.241511 61.638822
1264000 303.7057 -444133.44 -440516.81 5991.79 57.984754 61.625034
1265000 296.73266 -444049.12 -440515.53 5999.15 73.748894 61.670612
1266000 296.97281 -444052.72 -440516.27 6005.97 68.823461 61.697402
1267000 302.46435 -444118.03 -440516.18 6010.78 63.276532 61.703294
1268000 302.05593 -444114.47 -440517.49 6018.63 68.494379 61.72854
1269000 293.96237 -444016.28 -440515.68 6023.23 57.525005 61.712971
1270000 296.09146 -444041.94 -440515.98 6028.19 60.07713 61.706935
1271000 293.531 -444012.12 -440516.66 6033.97 61.81274 61.707324
1272000 303.1865 -444126.25 -440515.8 6038.75 48.635535 61.659442
1273000 303.04373 -444125.25 -440516.5 6041.42 56.434339 61.640372
1274000 298.61403 -444072.31 -440516.32 6045.57 54.858371 61.61571
1275000 299.98094 -444088.53 -440516.26 6047.72 55.642904 61.594069
1276000 299.61278 -444084.56 -440516.67 6051.52 77.703718 61.652227
1277000 301.10927 -444102.25 -440516.54 6055.28 51.948088 61.61732
1278000 298.72491 -444073.41 -440516.09 6063.22 56.174236 61.597811
1279000 297.27073 -444056.22 -440516.22 6068.43 56.176725 61.57845
1280000 297.08415 -444054.44 -440516.66 6073.38 71.369919 61.613295
1281000 306.04006 -444161.09 -440516.67 6078.53 54.157304 61.586855
1282000 298.22667 -444067.44 -440516.05 6080.26 61.731222 61.587365
1283000 302.10979 -444114.34 -440516.72 6084.92 57.538811 61.57311
1284000 297.6003 -444059.88 -440515.95 6087.23 56.749119 61.556184
1285000 297.04739 -444053.28 -440515.94 6089.2 69.46501 61.583837
1286000 299.33368 -444080.75 -440516.18 6091.21 57.730536 61.570411
1287000 302.33277 -444116.25 -440515.97 6095.66 61.035655 61.568554
1288000 297.25986 -444055.75 -440515.88 6098.08 69.88251 61.597322
1289000 300.84662 -444098.22 -440515.64 6100.14 54.420487 61.572574
1290000 299.56498 -444083.53 -440516.21 6102.31 61.149737 61.571121
1291000 299.1081 -444078.94 -440517.06 6108.24 72.106246 61.6072
1292000 300.15228 -444091.19 -440516.87 6113.64 69.408132 61.633825
1293000 298.89991 -444075.34 -440515.94 6118.48 79.880904 61.69589
1294000 304.52664 -444142.09 -440515.69 6122.56 67.11998 61.714276
1295000 301.74215 -444109.5 -440516.25 6126.65 55.083437 61.691875
1296000 301.58175 -444108.28 -440516.94 6128.96 57.823869 61.678851
1297000 298.45709 -444069.59 -440515.47 6130.32 85.557912 61.758982
1298000 295.16653 -444031.38 -440516.43 6133.55 76.571557 61.808523
1299000 297.32161 -444055.81 -440515.21 6139.75 89.798197 61.901822
1300000 299.99878 -444089.12 -440516.64 6143.07 92.485743 62.003429
1301000 299.26293 -444079.53 -440515.81 6146.78 67.353242 62.021144
1302000 301.50756 -444106.84 -440516.39 6151.02 53.226082 61.992117
1303000 297.83062 -444063.25 -440516.58 6155.4 49.05728 61.949569
1304000 302.65252 -444120.84 -440516.76 6157.5 47.096112 61.900869
1305000 295.26831 -444031.47 -440515.31 6162.24 75.746212 61.946115
1306000 297.69082 -444060.59 -440515.59 6172.16 73.671762 61.984309
1307000 297.25669 -444055.75 -440515.92 6175.44 75.507951 62.028217
1308000 302.55476 -444119.06 -440516.14 6181.56 87.424032 62.110404
1309000 301.93801 -444111.5 -440515.92 6184.31 70.117821 62.136235
1310000 303.6011 -444130.88 -440515.49 6189.18 64.106547 62.14257
1311000 295.13082 -444030.09 -440515.58 6194.96 60.403928 62.136997
1312000 296.92714 -444051.53 -440515.62 6199.54 47.0287 62.088728
1313000 302.2055 -444115.59 -440516.83 6203.38 50.004403 62.050243
1314000 300.57406 -444095.19 -440515.85 6207.57 57.601983 62.036122
1315000 300.70539 -444096.69 -440515.79 6210.84 61.667011 62.034953
1316000 299.94841 -444086.97 -440515.08 6212.75 51.564183 62.001923
1317000 299.48588 -444083.06 -440516.68 6220.19 57.509032 61.987794
1318000 301.28545 -444104.41 -440516.6 6224.34 69.945695 62.01274
1319000 298.60719 -444072.44 -440516.52 6232.74 67.172629 62.028865
1320000 299.49295 -444082.5 -440516.04 6236.98 66.473173 62.04271
1321000 300.54041 -444095.38 -440516.44 6239.04 78.455083 62.09368
1322000 298.68049 -444072.22 -440515.43 6242.9 77.836324 62.142419
1323000 300.94781 -444099.84 -440516.06 6250.67 72.367097 62.173977
1324000 302.31695 -444116.22 -440516.13 6252.38 70.206791 62.198693
1325000 304.80459 -444145.5 -440515.78 6253.71 72.657631 62.230776
1326000 300.44263 -444093.72 -440515.95 6258.71 72.385767 62.261831
1327000 299.65983 -444084.81 -440516.36 6262.43 70.577387 62.287183
1328000 300.03169 -444089.31 -440516.43 6269.58 55.543532 62.266686
1329000 295.25402 -444031.31 -440515.33 6277.55 58.245453 62.2545
1330000 303.2958 -444128.34 -440516.6 6279.33 57.196704 62.23922
1331000 302.25325 -444115.78 -440516.45 6283.25 58.187591 62.227016
1332000 304.11304 -444137.56 -440516.08 6290.29 57.632931 62.21322
1333000 299.05275 -444077.34 -440516.12 6297.77 42.893106 62.155375
1334000 297.54212 -444059.34 -440516.11 6302.88 77.51217 62.201217
1335000 294.12569 -444019.12 -440516.58 6304.65 68.407035 62.219686
1336000 300.0135 -444088.56 -440515.9 6310.35 61.146465 62.216502
1337000 300.62455 -444096.91 -440516.97 6317.87 54.873554 62.194777
1338000 295.92139 -444039.38 -440515.44 6319.43 68.815296 62.214307
1339000 303.29214 -444128.44 -440516.73 6322.96 68.409851 62.232529
1340000 297.97319 -444065.28 -440516.92 6331.09 60.034114 62.226082
1341000 299.87689 -444086.75 -440515.72 6337.56 70.209952 62.249426
1342000 299.1006 -444077.97 -440516.18 6346.73 63.640685 62.253483
1343000 294.37036 -444021.12 -440515.66 6350.84 54.056248 62.229653
1344000 294.0521 -444017 -440515.33 6356.14 61.916039 62.228744
1345000 301.32743 -444105.5 -440517.19 6361.75 58.672879 62.218467
1346000 302.73654 -444120.62 -440515.54 6365.82 64.383369 62.224706
1347000 298.03699 -444064.78 -440515.66 6369.96 59.839278 62.217852
1348000 299.25903 -444079.66 -440515.98 6374.09 59.56232 62.210243
1349000 300.45973 -444094.09 -440516.12 6381.58 65.099098 62.218496
1350000 296.63061 -444048.59 -440516.22 6385.44 56.391755 62.201896
1351000 298.27561 -444067.62 -440515.66 6390.32 67.868404 62.217994
1352000 298.76919 -444074.41 -440516.56 6392.82 69.696031 62.239178
1353000 300.83751 -444098.34 -440515.87 6400.87 66.270665 62.250567
1354000 301.28997 -444103.69 -440515.83 6409.51 68.291983 62.267585
1355000 302.67993 -444120.78 -440516.37 6411.58 60.628615 62.262981
1356000 298.95945 -444076.22 -440516.11 6416.16 63.752163 62.267152
1357000 300.71293 -444097.09 -440516.1 6420.46 52.495322 62.239857
1358000 300.44284 -444093.16 -440515.38 6430.74 41.350853 62.18167
1359000 300.86639 -444099.81 -440516.99 6434.99 31.836636 62.097378
1360000 306.43685 -444164.84 -440515.69 6437.73 51.368613 62.067659
1361000 301.77876 -444109.94 -440516.25 6445.96 57.324149 62.054555
1362000 294.87464 -444027.88 -440516.41 6453.26 45.24332 62.008243
1363000 299.65273 -444084.38 -440516.01 6459.84 42.96273 61.95592
1364000 299.05013 -444077.34 -440516.15 6464.12 62.817879 61.958282
1365000 299.51847 -444082.81 -440516.05 6466.17 44.435228 61.910405
1366000 306.0064 -444160.72 -440516.69 6473.78 59.615054 61.90415
1367000 306.74763 -444167.97 -440515.11 6477.44 65.057928 61.91272
1368000 299.58463 -444083.12 -440515.57 6484.88 59.421124 61.905968
1369000 298.59502 -444070.75 -440514.98 6489.89 76.093121 61.944312
1370000 302.08686 -444113.41 -440516.05 6493.51 64.878028 61.952219
1371000 303.86264 -444134.81 -440516.31 6498 72.40035 61.980306
1372000 298.25675 -444067.44 -440515.7 6499.36 65.059561 61.988561
1373000 298.14653 -444066.34 -440515.91 6504.99 68.115715 62.004944
1374000 303.57985 -444131.03 -440515.9 6512.34 57.530318 61.993011
1375000 299.0901 -444078 -440516.33 6516.34 60.800442 61.98984
1376000 301.93207 -444111.09 -440515.59 6519.98 58.029371 61.979334
1377000 299.1782 -444079 -440516.29 6527.53 58.968167 61.971368
1378000 298.27006 -444068.03 -440516.13 6531.72 81.53886 62.022998
1379000 298.83028 -444074.16 -440515.58 6539.01 88.057167 62.091509
1380000 296.05456 -444040.97 -440515.45 6544.51 81.791437 62.143215
1381000 303.69611 -444131.44 -440514.92 6549.3 73.916999 62.174036
1382000 301.05427 -444101.09 -440516.04 6550.78 71.721306 62.198964
1383000 298.77911 -444073.47 -440515.51 6556.07 50.907834 62.16956
1384000 302.35152 -444116.31 -440515.81 6560.23 53.716623 62.147604
1385000 301.28021 -444103.34 -440515.6 6564.09 46.510776 62.107094
1386000 303.69104 -444132.66 -440516.2 6571.33 49.210859 62.07377
1387000 298.39576 -444070.12 -440516.73 6573.45 25.289617 61.978966
1388000 298.15777 -444065.88 -440515.31 6575.02 31.035717 61.89942
1389000 299.15032 -444078.78 -440516.4 6576.8 41.854268 61.848022
1390000 298.95325 -444076.03 -440516 6581.47 42.543546 61.79865
1391000 297.58225 -444059.28 -440515.57 6587.39 38.858891 61.740131
1392000 297.63583 -444060.44 -440516.09 6589.6 45.134816 61.697878
1393000 296.17585 -444040.94 -440513.98 6594.61 37.247923 61.635822
1394000 299.41448 -444081.41 -440515.88 6599.45 44.729945 61.593022
1395000 300.54168 -444095.22 -440516.27 6601.65 43.778851 61.548037
1396000 301.39403 -444104.22 -440515.12 6609.73 46.113486 61.509159
1397000 301.68361 -444108.31 -440515.76 6613.8 61.266404 61.508549
1398000 291.86468 -443991.12 -440515.5 6615.44 54.774738 61.491673
1399000 302.39479 -444116.94 -440515.92 6619.28 63.369936 61.496368
1400000 297.68114 -444060.25 -440515.36 6621.17 60.068226 61.492807
1401000 298.59067 -444071.38 -440515.66 6628.63 56.699104 61.480882
1402000 296.00469 -444040.38 -440515.45 6633.5 46.426572 61.443526
1403000 297.49053 -444058.31 -440515.7 6641.38 49.55193 61.414092
1404000 301.60238 -444107.88 -440516.29 6643.01 61.819327 61.415092
1405000 302.6526 -444120.03 -440515.94 6644.77 64.244101 61.42206
1406000 296.74262 -444049.22 -440515.51 6649.39 62.280521 61.42417
1407000 299.46561 -444081.81 -440515.68 6654.03 62.156272 61.425964
1408000 300.00864 -444088.06 -440515.46 6658.2 63.672814 61.431458
1409000 299.15137 -444078.59 -440516.2 6663.14 58.576407 61.424494
1410000 297.87077 -444062.72 -440515.57 6669.37 67.49114 61.439255
1411000 302.83734 -444122.12 -440515.84 6673.27 65.867848 61.450004
1412000 294.83009 -444026.44 -440515.5 6682.19 75.530862 61.484098
1413000 299.88527 -444086.5 -440515.37 6686.35 68.693119 61.501511
1414000 297.15707 -444053.84 -440515.2 6688.39 61.577889 61.501695
1415000 296.26531 -444043.38 -440515.35 6691.96 69.087336 61.51993
1416000 301.47305 -444106.06 -440516.02 6696.45 57.223441 61.509626
1417000 295.19203 -444031.09 -440515.85 6700 60.185493 61.506459
1418000 304.3668 -444140.41 -440515.9 6705.29 58.693121 61.499744
1419000 298.62175 -444072 -440515.91 6709.71 68.312521 61.515965
1420000 301.24934 -444103.91 -440516.53 6712.08 62.237907 61.51768
1421000 304.22641 -444139.44 -440516.61 6714.38 43.865362 61.47585
1422000 298.40316 -444069.19 -440515.7 6718.79 53.50526 61.457007
1423000 300.57642 -444094.56 -440515.2 6725.04 67.171891 61.470485
1424000 297.99278 -444064.41 -440515.81 6728.2 68.183543 61.486281
1425000 295.53238 -444035.56 -440516.26 6732.04 59.837187 61.48241
1426000 295.42613 -444033.47 -440515.44 6737.64 63.331216 61.486739
1427000 302.20489 -444115.28 -440516.52 6742.47 63.638747 61.491767
1428000 298.17108 -444065.41 -440514.68 6744.36 57.244394 61.481867
1429000 293.83572 -444013.75 -440514.66 6746.81 57.025249 61.471502
1430000 300.82944 -444097.59 -440515.22 6753.58 63.435926 61.47606
1431000 301.34923 -444104.16 -440515.59 6757.01 66.357191 61.487359
1432000 302.19951 -444113.91 -440515.21 6761.39 64.19516 61.493613
1433000 300.34587 -444091.47 -440514.85 6762.66 44.609378 61.454709
1434000 302.89382 -444122.12 -440515.16 6764.4 48.317834 61.424509
1435000 301.30374 -444103.66 -440515.63 6766.31 56.84036 61.413995
1436000 303.0066 -444123.38 -440515.07 6772.18 67.907508 61.428855
1437000 297.85758 -444062.62 -440515.64 6776.11 53.223076 61.41012
1438000 297.53954 -444058.09 -440514.89 6777.65 46.003931 61.375026
1439000 303.8334 -444133.41 -440515.26 6783.7 64.634161 61.382433
1440000 305.04654 -444148.47 -440515.87 6792.54 63.33 61.386849
1441000 302.68016 -444119.88 -440515.46 6799.71 78.367454 61.425267
1442000 298.46763 -444069.69 -440515.43 6806.19 76.543499 61.459394
1443000 299.1665 -444077.59 -440515.02 6811.44 72.097938 61.483355
1444000 299.76048 -444085.25 -440515.6 6815.43 59.284303 61.478413
1445000 296.04975 -444041.25 -440515.79 6823.12 69.971526 61.497456
1446000 295.64154 -444036.28 -440515.68 6827.14 70.660149 61.517954
1447000 302.31036 -444115.88 -440515.86 6828.99 67.581154 61.531488
1448000 303.52457 -444129.16 -440514.68 6833.06 64.656235 61.538447
1449000 304.8713 -444146.09 -440515.58 6839.96 60.239822 61.535561
1450000 303.73446 -444133.47 -440516.5 6844.2 54.776717 61.520575
1451000 299.46743 -444082.62 -440516.47 6850.99 57.983236 61.512749
1452000 301.27155 -444103.19 -440515.54 6857.55 36.013321 61.456459
1453000 300.13982 -444089.31 -440515.15 6862.28 54.852662 61.441913
1454000 303.7467 -444132.53 -440515.41 6869.29 79.042627 61.480596
1455000 299.65455 -444084.94 -440516.55 6874.1 86.34474 61.535123
1456000 296.57797 -444047.16 -440515.41 6878 83.369677 61.582901
1457000 297.534 -444058.97 -440515.83 6885.33 59.389997 61.578113
1458000 298.25042 -444066.84 -440515.18 6889.44 70.758989 61.598115
1459000 293.69458 -444012 -440514.59 6893.41 70.763348 61.618039
1460000 298.6739 -444072.38 -440515.67 6900.58 46.937309 61.586194
1461000 302.8163 -444122.06 -440516.02 6903.06 72.245169 61.609265
1462000 300.38446 -444091.69 -440514.61 6906.81 62.390161 61.610952
1463000 299.06044 -444077.09 -440515.78 6914.5 48.811396 61.583366
1464000 300.25131 -444090.56 -440515.07 6916.67 41.752223 61.540719
1465000 302.49343 -444117.72 -440515.53 6920.43 75.7491 61.571209
1466000 297.32702 -444055.44 -440514.77 6924.36 70.432943 61.590185
1467000 298.15756 -444065.94 -440515.38 6926.64 54.984135 61.576069
1468000 296.26171 -444043.44 -440515.45 6930.67 60.420203 61.573605
1469000 298.98212 -444075.28 -440514.9 6934.87 81.407925 61.615805
1470000 296.65717 -444047.81 -440515.12 6936.83 67.673381 61.628667
1471000 299.87069 -444086.31 -440515.35 6939 64.426828 61.634595
1472000 296.24899 -444043.38 -440515.54 6942.94 64.072801 61.63975
1473000 300.01426 -444088.88 -440516.2 6948.51 55.509657 61.626817
1474000 297.63362 -444059.56 -440515.24 6953.42 46.027521 61.593976
1475000 298.95045 -444075.66 -440515.65 6961.1 65.256271 61.60167
1476000 296.96634 -444051.94 -440515.56 6967.28 59.262855 61.596767
1477000 298.03519 -444064.19 -440515.08 6969.73 55.813747 61.584669
1478000 299.3364 -444079.25 -440514.65 6977.53 61.914082 61.585356
1479000 298.15875 -444065.59 -440515.02 6979.24 76.229878 61.615866
1480000 304.55325 -444142.66 -440515.93 6987.51 80.001635 61.65409
1481000 304.39644 -444140.31 -440515.46 6989.59 63.910314 61.658771
1482000 298.65658 -444071.66 -440515.15 6995.16 45.24406 61.624786
1483000 295.84835 -444037.66 -440514.59 6998.14 62.175551 61.625924
1484000 303.60962 -444130.88 -440515.39 6999.6 44.79108 61.591213
1485000 298.39989 -444068.22 -440514.77 7001.63 48.996201 61.565297
1486000 301.75407 -444109.66 -440516.27 7009.23 54.134766 61.550039
1487000 302.8196 -444121.66 -440515.58 7010.97 46.899038 61.520017
1488000 300.15768 -444089.91 -440515.53 7013.45 48.895876 61.494201
1489000 298.6375 -444071.31 -440515.04 7018.08 45.531422 61.461624
1490000 297.69968 -444059.78 -440514.67 7022.42 66.0682 61.471006
1491000 293.6565 -444010.94 -440513.98 7024.27 61.077093 61.470205
1492000 298.67869 -444072.44 -440515.67 7030.06 54.051396 61.455157
1493000 297.96551 -444063.44 -440515.16 7032.15 41.198766 61.414152
1494000 298.86836 -444073.94 -440514.91 7037.2 39.089948 61.369052
1495000 294.6739 -444024.09 -440515.02 7042.37 35.245699 61.316384
1496000 294.73178 -444024.03 -440514.27 7046.87 38.925144 61.271332
1497000 295.5322 -444034.25 -440514.95 7054.89 31.218509 61.210984
1498000 299.51202 -444081.69 -440515 7060.59 25.329195 61.139077
1499000 292.31907 -443995.22 -440514.18 7065.39 36.497102 61.089793
1500000 295.60603 -444035.97 -440515.79 7069.88 35.720629 61.039156
1501000 297.83206 -444061.62 -440514.94 7071.58 30.53375 15.266875
1502000 299.62977 -444083.56 -440515.47 7077.64 44.483064 25.005605
1503000 299.4288 -444080.12 -440514.43 7082.92 41.350731 29.091886
1504000 301.13787 -444099.81 -440513.76 7087.76 34.873029 30.248115
1505000 303.56623 -444129.69 -440514.72 7091.49 40.454907 31.949247
1506000 304.65816 -444143.59 -440515.62 7096.37 61.303976 36.142779
1507000 299.01533 -444076.22 -440515.44 7102.41 59.609051 39.076063
1508000 295.6985 -444035.22 -440513.94 7106.44 53.778978 40.709721
1509000 298.04504 -444063.22 -440514 7112.7 54.676849 42.106433
1510000 297.87811 -444061.69 -440514.45 7114.27 67.337281 44.400147
1511000 306.59306 -444167.09 -440516.08 7118.52 74.774593 46.931351
1512000 297.36755 -444055.84 -440514.69 7123.1 59.145861 47.870928
1513000 298.95673 -444074.53 -440514.45 7128.43 65.639606 49.14012
1514000 299.10505 -444077.16 -440515.31 7133.75 69.604159 50.504389
1515000 296.29894 -444042.81 -440514.39 7138 65.865048 51.46443
1516000 299.63334 -444082.41 -440514.27 7140.33 73.128092 52.738763
1517000 299.73017 -444084.16 -440514.87 7148.22 71.464513 53.779083
1518000 300.24203 -444089.75 -440514.37 7151.96 75.941318 54.945516
1519000 298.78741 -444072.75 -440514.69 7156.79 67.048935 55.550687
1520000 294.04019 -444017 -440515.47 7161.58 62.787381 55.895291
1521000 297.37187 -444055.91 -440514.7 7163.09 53.546914 55.788547
1522000 296.92846 -444050.84 -440514.92 7167.86 52.772634 55.65742
1523000 293.80942 -444013.19 -440514.41 7175.41 66.178008 56.095778
1524000 298.21175 -444066.09 -440514.89 7183.81 79.146659 57.017813
1525000 293.74032 -444012.81 -440514.85 7189.39 89.84159 58.280266
1526000 297.03437 -444051.72 -440514.53 7195.57 87.146293 59.349379
1527000 298.58748 -444070.47 -440514.79 7202.38 79.182427 60.057702
1528000 303.33101 -444127.41 -440515.24 7205.89 80.912303 60.776826
1529000 301.68241 -444107.78 -440515.25 7214.19 61.50111 60.800969
1530000 302.36441 -444115.59 -440514.94 7223.08 59.90465 60.772055
1531000 301.79849 -444108.75 -440514.83 7227.57 78.317666 61.320355
1532000 303.83752 -444133.47 -440515.27 7232.34 69.846894 61.578735
1533000 297.22273 -444054.78 -440515.35 7236 76.683981 62.023007
1534000 298.38006 -444067.28 -440514.07 7240.16 66.348599 62.146596
1535000 300.03716 -444087.28 -440514.34 7241.73 85.194953 62.786828
1536000 300.57728 -444094.03 -440514.66 7248.47 83.589905 63.349073
1537000 303.00802 -444123.31 -440514.99 7253.53 91.855296 64.099237
1538000 301.3755 -444104.72 -440515.84 7261.15 78.740237 64.474647
1539000 294.5312 -444022.59 -440515.22 7263.03 72.017118 64.663209
1540000 298.16746 -444065.78 -440515.1 7269.91 70.688403 64.810165
1541000 303.29376 -444126.94 -440515.21 7280.31 76.567332 65.090098
1542000 302.77899 -444120.31 -440514.72 7284.62 81.937086 65.481888
1543000 298.67659 -444071.5 -440514.76 7292.74 74.314585 65.682631
1544000 298.74876 -444073.38 -440515.77 7299.99 66.808369 65.707647
1545000 300.52783 -444093.53 -440514.74 7304.15 60.853111 65.602114
1546000 300.07024 -444088.81 -440515.48 7308.29 76.342186 65.830626
1547000 298.52239 -444069.09 -440514.19 7310.28 78.640652 66.097502
1548000 297.40127 -444056 -440514.45 7312.08 75.850291 66.296538
1549000 298.40724 -444068.12 -440514.59 7316.12 81.359868 66.597805
1550000 301.52008 -444105.5 -440514.9 7324.11 80.665957 66.873651
1551000 294.95227 -444026.59 -440514.2 7327.93 81.742607 67.159592
1552000 299.81419 -444084.91 -440514.62 7335.02 71.269135 67.237131
1553000 300.49445 -444093.09 -440514.7 7339.63 75.486854 67.389904
1554000 300.36201 -444090.53 -440513.72 7343.55 72.945462 67.490914
1555000 301.59011 -444105.66 -440514.22 7350.96 62.336352 67.398868
1556000 297.65851 -444058.38 -440513.76 7354.54 72.11202 67.481555
1557000 300.78032 -444096.44 -440514.64 7359.22 69.381626 67.514315
1558000 299.47674 -444080.66 -440514.39 7364.28 77.395263 67.681788
1559000 296.72744 -444048.5 -440514.97 7372.16 72.815661 67.767353
1560000 299.05102 -444075.66 -440514.46 7376.94 78.51919 67.943613
1561000 299.96938 -444086.53 -440514.4 7378.47 72.692107 68.020201
1562000 299.5978 -444082.22 -440514.51 7386.82 57.982359 67.86087
1563000 297.5288 -444057.47 -440514.4 7389.22 57.849146 67.704437
1564000 300.15745 -444089.25 -440514.87 7390.24 56.659126 67.534509
1565000 301.23103 -444102.56 -440515.4 7394.9 67.917315 67.540309
1566000 300.5938 -444094.28 -440514.71 7401.87 77.25482 67.685302
1567000 303.27296 -444126.66 -440515.18 7404.64 78.820306 67.849052
1568000 301.58784 -444105.5 -440514.09 7412.73 87.716831 68.136991
1569000 299.24828 -444078.34 -440514.79 7414.73 66.036501 68.106984
1570000 300.46691 -444092.78 -440514.72 7416.42 79.967745 68.274037
1571000 299.44192 -444080.5 -440514.64 7419.16 86.256672 68.523796
1572000 300.55595 -444093.44 -440514.32 7423.99 66.943167 68.502143
1573000 300.47287 -444093.16 -440515.02 7426.42 83.67082 68.707125
1574000 298.39716 -444068.25 -440514.84 7431.09 93.579053 69.038751
1575000 300.51336 -444094.66 -440516.04 7435.99 71.921872 69.076687
1576000 305.03643 -444148.59 -440516.12 7438.34 64.831152 69.02155
1577000 300.40858 -444091.78 -440514.41 7440.63 56.456686 68.860462
1578000 301.41294 -444104.66 -440515.33 7442.52 56.345752 68.702048
1579000 300.27784 -444091.66 -440515.85 7449.08 70.162149 68.720299
1580000 298.21935 -444065 -440513.7 7450.91 75.025273 68.798139
1581000 301.271 -444102.28 -440514.64 7454.85 63.625226 68.735054
1582000 300.38323 -444091.5 -440514.44 7456.48 64.209278 68.680527
1583000 303.54446 -444130.41 -440515.7 7461.15 80.904197 68.826047
1584000 294.70133 -444023.94 -440514.53 7466.83 68.504425 68.822263
1585000 296.69584 -444047.84 -440514.69 7471.61 63.722653 68.762965
1586000 303.4976 -444129.62 -440515.47 7475.62 63.887306 68.706923
1587000 293.47974 -444008.66 -440513.8 7480.94 58.141107 68.586857
1588000 294.42429 -444020.12 -440514.02 7487.39 66.164689 68.559642
1589000 294.63136 -444023.5 -440514.93 7495.41 74.423437 68.624795
1590000 297.23998 -444054.81 -440515.18 7499.82 79.399945 68.743203
1591000 302.15906 -444113.75 -440515.54 7505.07 68.325344 68.738661
1592000 301.73909 -444108.19 -440514.98 7509.63 83.121919 68.89332
1593000 303.90339 -444134.25 -440515.27 7518.31 87.563075 69.091934
1594000 303.45844 -444128.81 -440515.13 7522.76 96.883795 69.38448
1595000 298.34396 -444067.16 -440514.38 7527.14 91.083654 69.610513
1596000 293.92998 -444013.62 -440513.41 7531.6 70.834188 69.623128
1597000 300.18178 -444089.34 -440514.68 7537.81 80.312362 69.732202
1598000 297.49408 -444058.12 -440515.47 7543.38 82.088506 69.857013
1599000 306.15447 -444160.59 -440514.8 7551.67 75.510385 69.913547
1600000 301.11313 -444100.47 -440514.71 7558.85 75.612374 69.969971
1601000 301.67523 -444106.81 -440514.36 7564.19 52.87688 69.802392
1602000 300.01074 -444086.31 -440513.68 7568.66 72.347693 69.827103
1603000 302.68243 -444119.5 -440515.06 7576.18 69.849 69.827314
1604000 301.52305 -444106.25 -440515.61 7578.52 47.918435 69.618658
1605000 300.23991 -444088.38 -440513.02 7585.16 57.201336 69.501513
1606000 300.30563 -444091.34 -440515.2 7591.15 48.977391 69.309699
1607000 297.99883 -444063.19 -440514.52 7592.88 49.147996 69.123017
1608000 301.25054 -444103 -440515.61 7597.97 54.244804 68.986519
1609000 299.2716 -444078.41 -440514.58 7605.42 48.142331 68.797027
1610000 299.55063 -444081.84 -440514.69 7610.33 33.35175 68.4777
1611000 301.91048 -444109.66 -440514.4 7614.78 37.927416 68.20493
1612000 297.71813 -444059.47 -440514.14 7619.48 32.311534 67.887289
1613000 304.02639 -444136.22 -440515.77 7621.86 38.008039 67.62519
1614000 297.90895 -444061.66 -440514.06 7626.99 44.65894 67.425484
1615000 300.13162 -444088.47 -440514.4 7631.26 43.665599 67.220657
1616000 298.92541 -444074.12 -440514.42 7638.1 52.34137 67.093484
1617000 299.42892 -444080.03 -440514.33 7646.25 44.676965 66.903513
1618000 294.56179 -444022.19 -440514.45 7648.37 46.910868 66.735508
1619000 297.50917 -444057.09 -440514.25 7653.64 56.690643 66.651801
1620000 302.02724 -444112.12 -440515.48 7655.38 63.741135 66.627746
1621000 301.05967 -444100.38 -440515.26 7658.86 53.809984 66.522682
1622000 299.5484 -444081.81 -440514.69 7663.13 59.999021 66.469644
1623000 298.97121 -444074.41 -440514.16 7668.21 59.29611 66.411793
1624000 302.03844 -444111.47 -440514.69 7673.55 67.238603 66.418407
1625000 303.96548 -444135.25 -440515.53 7679.28 56.328077 66.338325
1626000 298.23186 -444065.69 -440514.24 7682.92 52.405248 66.228616
1627000 298.0495 -444063.22 -440513.95 7687.2 51.624939 66.114525
1628000 295.77753 -444036.94 -440514.72 7694.74 46.386827 65.961597
1629000 302.64317 -444118.19 -440514.21 7698.92 38.303304 65.748841
1630000 303.41241 -444128.5 -440515.36 7703.59 45.760902 65.596261
1631000 292.65253 -443999.75 -440514.75 7709.86 46.72987 65.453334
1632000 300.42905 -444092.03 -440514.42 7711.69 58.061024 65.397753
1633000 297.46081 -444056.19 -440513.92 7719.48 41.23624 65.217443
1634000 298.47551 -444069.06 -440514.72 7727.25 50.841816 65.110957
1635000 301.42942 -444104.25 -440514.73 7737.62 51.585166 65.011502
1636000 300.30768 -444090.59 -440514.43 7742.78 60.198367 64.97637
1637000 298.9362 -444074.88 -440515.04 7747.57 55.681815 64.909018
1638000 294.88458 -444025.88 -440514.29 7752.73 49.540331 64.798452
1639000 295.17546 -444029.72 -440514.67 7757.2 59.893409 64.763416
1640000 304.53133 -444141.5 -440515.04 7762.07 60.808689 64.735368
1641000 301.60858 -444107.19 -440515.53 7763.79 57.434517 64.683954
1642000 295.82528 -444037.44 -440514.65 7768.41 68.70114 64.712046
1643000 302.23937 -444114.34 -440515.18 7769.76 54.823238 64.643374
1644000 298.4621 -444068.25 -440514.06 7779.37 42.233802 64.488825
1645000 301.66016 -444106.84 -440514.57 7782.96 55.51522 64.427362
1646000 299.7395 -444084.19 -440514.79 7787.79 52.487027 64.346135
1647000 300.31134 -444090.84 -440514.64 7791.22 72.843563 64.40355
1648000 301.16763 -444100.69 -440514.28 7794.96 59.376671 64.369813
1649000 301.06481 -444100.56 -440515.38 7800.7 70.64219 64.411629
1650000 297.7646 -444060.47 -440514.59 7804.32 66.731653 64.426993
1651000 296.78251 -444048.5 -440514.31 7806.41 76.926351 64.509226
1652000 299.18205 -444078.09 -440515.33 7814.81 58.185241 64.467893
1653000 299.47075 -444080.44 -440514.24 7820.07 72.768113 64.52179
1654000 299.71948 -444082.94 -440513.78 7824.61 62.578778 64.509255
1655000 302.15991 -444112.28 -440514.06 7828.87 59.280263 64.475735
1656000 295.33561 -444031.69 -440514.73 7837.56 59.708247 64.445369
1657000 293.26278 -444006.5 -440514.23 7839.29 58.626052 64.408538
1658000 301.42492 -444104.47 -440515 7840.32 58.26977 64.369929
1659000 302.276 -444114.25 -440514.65 7844.41 51.901367 64.292001
1660000 296.52417 -444045.91 -440514.8 7849.96 46.779956 64.183231
1661000 303.52441 -444128.41 -440513.94 7851.86 48.536677 64.086647
1662000 299.72943 -444083.31 -440514.03 7859.1 49.581857 63.99766
1663000 299.10092 -444076.94 -440515.14 7863.1 63.059871 63.991942
1664000 298.3424 -444068.19 -440515.43 7865.21 62.200817 63.981087
1665000 298.49875 -444069.12 -440514.5 7868.87 47.421682 63.881331
1666000 301.13093 -444100.53 -440514.56 7875.9 68.345823 63.908065
1667000 299.19298 -444077.53 -440514.64 7879.83 59.803582 63.883633
1668000 299.93258 -444086.38 -440514.68 7885.5 44.467601 63.768746
1669000 300.12865 -444088.56 -440514.53 7890.86 33.684544 63.59178
1670000 301.85587 -444109.41 -440514.81 7895.68 37.646779 63.440055
1671000 297.51635 -444058.09 -440515.17 7902.88 56.588216 63.400218
1672000 301.14745 -444101.44 -440515.27 7906.83 62.273583 63.393706
1673000 296.19668 -444041.34 -440514.13 7908.62 32.932827 63.218644
1674000 299.40694 -444079.22 -440513.78 7913.01 35.170565 63.058369
1675000 293.67208 -444011.38 -440514.23 7914.91 28.736166 62.863356
1676000 298.15797 -444064.59 -440514.03 7917.06 22.827669 62.637166
1677000 303.30289 -444127.22 -440515.39 7926.09 40.181827 62.511012
1678000 303.34781 -444127.81 -440515.44 7930.23 59.673147 62.495158
1679000 300.02049 -444087.44 -440514.69 7932.01 64.696858 62.50739
1680000 300.69056 -444095.94 -440515.21 7936.07 56.461843 62.473989
1681000 298.15083 -444065.56 -440515.08 7940.64 62.320106 62.473144
1682000 297.94752 -444063.09 -440515.03 7942.16 57.165093 62.444138
1683000 299.76055 -444084.81 -440515.16 7949.9 62.035956 62.44192
1684000 297.5394 -444057.53 -440514.33 7951.84 46.939907 62.358125
1685000 297.10393 -444053.12 -440515.11 7957.07 44.758931 62.263506
1686000 300.25195 -444090.78 -440515.28 7962.45 59.045204 62.246295
1687000 303.58093 -444130.44 -440515.29 7969.51 36.420799 62.108926
1688000 302.75235 -444120.56 -440515.29 7973.74 34.054882 61.960492
1689000 299.58686 -444082.53 -440514.95 7976.34 43.537056 61.863526
1690000 297.1252 -444052.06 -440513.8 7981.91 40.087444 61.749515
1691000 298.72703 -444072.41 -440515.06 7988.64 69.24056 61.788531
1692000 302.1476 -444113.78 -440515.71 7992.59 73.822429 61.850883
1693000 300.69735 -444095.25 -440514.44 7997.83 52.601011 61.803203
1694000 300.50397 -444093.84 -440515.34 8005.17 41.975029 61.70152
1695000 299.99356 -444087.66 -440515.23 8008.92 57.043577 61.677755
1696000 301.03911 -444100.25 -440515.38 8010.68 61.678101 61.677757
1697000 296.67451 -444047.53 -440514.63 8012.84 71.111356 61.725401
1698000 301.72243 -444108.31 -440515.3 8018.02 56.30891 61.698183
1699000 297.81855 -444061.81 -440515.29 8022.8 73.441927 61.756902
1700000 301.57804 -444105.91 -440514.61 8030.19 60.438628 61.750343
1701000 301.38256 -444104.03 -440515.07 8031.83 50.936744 61.69681
1702000 293.3171 -444007.34 -440514.43 8035.99 49.317008 61.635826
1703000 302.16539 -444113.25 -440514.96 8037.82 70.17119 61.677666
1704000 300.73905 -444095.34 -440514.04 8045.4 71.953434 61.727792
1705000 293.39129 -444008.47 -440514.67 8049.62 64.84144 61.742907
1706000 302.52818 -444117.91 -440515.3 8053.69 69.306122 61.779444
1707000 303.44976 -444128.38 -440514.79 8060.09 72.979565 61.833291
1708000 295.91617 -444038 -440514.13 8063.55 87.387263 61.955558
1709000 300.18295 -444088.53 -440513.85 8066.34 65.651131 61.973156
1710000 297.74978 -444060.06 -440514.36 8067.5 55.92872 61.94451
1711000 300.2022 -444089.44 -440514.53 8071.31 40.710133 61.844348
1712000 298.44131 -444068.22 -440514.28 8072.98 46.002593 61.769973
1713000 297.13122 -444052.25 -440513.91 8076.3 37.231519 61.655308
1714000 290.90085 -443979.19 -440515.04 8077.93 45.345127 61.579446
1715000 302.69779 -444120.09 -440515.47 8086.29 59.937371 61.571844
1716000 303.29967 -444126.44 -440514.64 8091.06 52.559033 61.53031
1717000 299.14523 -444076.91 -440514.58 8096.36 52.559518 61.48916
1718000 300.39066 -444091.78 -440514.63 8100.51 55.747687 61.462943
1719000 298.17201 -444065.19 -440514.46 8102.97 51.392139 61.417167
1720000 301.03466 -444099.84 -440515.02 8104.41 48.010172 61.356502
1721000 302.22594 -444113.53 -440514.52 8108.21 70.9231 61.399594
1722000 301.68599 -444106.91 -440514.33 8114.61 54.493994 61.368628
1723000 295.85381 -444037.34 -440514.22 8119.1 72.306792 61.417459
1724000 300.026 -444087.5 -440514.69 8123.27 77.652631 61.489615
1725000 296.21159 -444041.31 -440513.93 8124.81 55.801418 61.464446
1726000 296.0484 -444040.72 -440515.27 8132.87 37.898869 61.360633
1727000 300.05685 -444087.91 -440514.73 8137.21 52.107917 61.320051
1728000 299.97612 -444086.44 -440514.22 8141.96 61.722776 61.321809
1729000 301.7235 -444107.34 -440514.32 8146.78 69.858099 61.358924
1730000 298.02385 -444063.09 -440514.13 8150.66 61.13881 61.357971
1731000 304.10325 -444136.31 -440514.95 8152.11 67.080127 61.382635
1732000 298.80542 -444073.25 -440514.97 8154.1 63.188026 61.390384
1733000 296.44713 -444044.09 -440513.9 8162.21 48.168808 61.333881
1734000 303.60761 -444129.78 -440514.32 8170.51 56.510528 61.313356
1735000 297.92032 -444061.94 -440514.2 8175.48 63.402139 61.322207
1736000 302.49681 -444117.06 -440514.83 8180.3 58.294514 61.309432
1737000 299.82356 -444084.84 -440514.44 8182.33 56.239221 61.288129
1738000 302.15476 -444112.69 -440514.53 8188.24 42.562933 61.209781
1739000 301.59192 -444105.91 -440514.45 8189.82 50.227027 61.164019
1740000 297.91088 -444061.56 -440513.94 8191.58 47.41852 61.106984
1741000 297.154 -444053.47 -440514.86 8199.88 42.832933 61.031471
1742000 299.49257 -444081.38 -440514.92 8205.16 44.019284 60.961462
1743000 301.34732 -444103.03 -440514.49 8207.16 58.586452 60.951729
1744000 301.57722 -444106.12 -440514.84 8213.11 56.281765 60.932668
1745000 295.73903 -444035.97 -440514.21 8217.92 63.850717 60.94453
1746000 299.86312 -444085.88 -440515 8224.45 71.575931 60.987572
1747000 296.477 -444045.31 -440514.76 8228.94 58.591776 60.977911
1748000 296.83828 -444049.06 -440514.21 8232.73 73.329457 61.027516
1749000 302.77578 -444120.25 -440514.69 8237.15 61.151739 61.028013
1750000 303.27917 -444126.88 -440515.32 8243.96 60.329328 61.025229
1751000 300.53385 -444093.91 -440515.05 8251.17 78.296498 61.093766
1752000 297.31392 -444054.5 -440513.99 8258.27 70.183773 61.129695
1753000 305.31064 -444150.47 -440514.73 8260.75 63.937423 61.140749
1754000 297.11088 -444053.97 -440515.87 8264.56 46.847755 61.084698
1755000 300.23709 -444090 -440514.68 8270.14 36.882814 60.990159
1756000 299.16525 -444076.97 -440514.41 8271.77 38.801215 60.903821
1757000 296.02137 -444039.22 -440514.1 8277.21 49.173823 60.858356
1758000 298.37849 -444068 -440514.81 8283.55 51.157317 60.8209
1759000 297.43662 -444055.75 -440513.77 8287.48 57.17954 60.806895
1760000 300.2523 -444091.19 -440515.68 8291.76 63.596501 60.817583
1761000 297.5162 -444057.12 -440514.2 8294.21 70.655751 60.855133
1762000 300.88722 -444097.06 -440514 8298.49 68.920801 60.885801
1763000 297.58595 -444058.09 -440514.34 8305.41 59.121816 60.879119
1764000 296.3667 -444043 -440513.77 8310.07 44.717903 60.818134
1765000 297.90193 -444062.59 -440515.08 8314.87 52.632302 60.78736
1766000 300.42174 -444092.28 -440514.76 8318.51 47.739463 60.738491
1767000 301.5069 -444104.88 -440514.43 8323.17 55.887149 60.720389
1768000 295.21412 -444029.94 -440514.43 8329.64 68.603149 60.749693
1769000 301.22357 -444102.12 -440515.05 8333.58 50.883048 60.71315
1770000 296.12486 -444040.59 -440514.24 8338.25 54.714082 60.691013
1771000 301.63969 -444106.53 -440514.5 8342.67 52.111721 60.659472
1772000 301.53354 -444105.75 -440514.99 8344.55 49.384982 60.618173
1773000 299.9709 -444086.47 -440514.31 8350.91 40.703877 60.545493
1774000 299.61312 -444082.34 -440514.45 8356.75 28.288528 60.428195
1775000 296.08119 -444040.19 -440514.35 8363.59 37.583434 60.345424
1776000 297.6741 -444059.72 -440514.92 8371.58 42.385659 60.280588
1777000 305.02542 -444147.41 -440515.06 8375.68 50.509174 60.245439
1778000 298.63478 -444070.78 -440514.54 8381.38 53.06422 60.2197
1779000 302.27643 -444113.81 -440514.2 8386.15 38.168818 60.140947
1780000 298.16108 -444065.34 -440514.74 8388.77 47.533073 60.096079
1781000 298.99226 -444074.91 -440514.41 8395.46 67.308282 60.121654
1782000 298.90849 -444073.62 -440514.12 8404.01 72.531485 60.165505
1783000 301.03385 -444098.75 -440513.94 8408.7 77.967784 60.228189
1784000 295.89809 -444037.72 -440514.06 8417.03 63.964133 60.241297
1785000 297.62209 -444058.38 -440514.19 8418.61 51.548323 60.210902
1786000 298.73998 -444072.28 -440514.79 8423.83 55.197118 60.193433
1787000 304.34401 -444138.53 -440514.3 8431.25 51.592015 60.163567
1788000 299.47038 -444080.38 -440514.18 8433.61 54.221034 60.143004
1789000 297.17859 -444053.72 -440514.82 8440.94 64.5346 60.158148
1790000 301.45757 -444104.09 -440514.24 8449.15 67.275612 60.182606
1791000 302.82478 -444120.75 -440514.61 8456.12 64.898443 60.198757
1792000 297.07164 -444052.25 -440514.62 8459.77 62.164712 60.205466
1793000 298.33427 -444067.62 -440514.96 8461.71 55.791657 60.190453
1794000 302.02236 -444110.28 -440513.7 8467.49 66.152038 60.210662
1795000 297.56024 -444057.81 -440514.37 8471.77 70.744767 60.24625
1796000 298.87246 -444074.06 -440514.99 8476.81 67.765227 60.271567
1797000 300.44648 -444092.59 -440514.78 8482.63 48.447395 60.231888
1798000 297.87823 -444061.41 -440514.17 8484.6 48.182627 60.19159
1799000 300.27766 -444090.38 -440514.57 8486.64 51.951671 60.164123
1800000 297.55661 -444057.53 -440514.13 8494.26 59.235671 60.161039
1801000 295.80644 -444036.59 -440514.03 8496.2 65.961097 60.180244
1802000 299.30452 -444079.03 -440514.81 8502.92 68.502972 60.207712
1803000 303.57865 -444131.22 -440516.1 8510.08 65.162943 60.224012
1804000 298.77575 -444072.62 -440514.7 8518.61 52.53897 60.198815
1805000 301.62534 -444105.5 -440513.64 8525.79 70.43987 60.232283
1806000 299.3143 -444078.5 -440514.16 8527.76 73.556228 60.275683
1807000 300.55791 -444093.19 -440514.04 8529.68 48.242693 60.236615
1808000 300.1494 -444088.72 -440514.44 8536.24 62.811191 60.244947
1809000 302.05332 -444110.97 -440514.02 8538.84 60.772876 60.24665
1810000 300.84383 -444096.62 -440514.08 8543.26 59.04863 60.242798
1811000 300.75085 -444096.06 -440514.62 8550.31 57.762094 60.234847
1812000 299.13552 -444076.81 -440514.61 8552.8 59.210536 60.231574
1813000 300.75856 -444096.22 -440514.68 8556.38 52.894301 60.208207
1814000 299.80435 -444083.47 -440513.3 8561.93 52.894122 60.184988
1815000 298.26921 -444066.91 -440515.02 8569.31 37.604556 60.113531
1816000 301.69777 -444107.44 -440514.72 8574.27 32.474493 60.026342
1817000 298.77471 -444071.69 -440513.78 8575.92 40.420044 59.964687
1818000 297.90539 -444061.88 -440514.32 8580.23 43.547923 59.913223
1819000 295.81087 -444036.88 -440514.26 8585.42 49.974912 59.882166
1820000 302.30128 -444113.84 -440513.94 8590.18 57.059266 59.873372
1821000 300.49472 -444092.59 -440514.2 8596.42 46.817564 59.832826
1822000 298.39572 -444068 -440514.6 8600.22 47.449815 59.794489
1823000 297.97732 -444061.94 -440513.52 8605.35 49.066779 59.761378
1824000 302.52523 -444117.09 -440514.52 8615.24 56.373024 59.750953
1825000 302.33801 -444115.09 -440514.75 8619.44 60.837458 59.754285
1826000 298.49092 -444068.41 -440513.88 8626.59 60.938954 59.757908
1827000 300.81289 -444096.19 -440514.01 8627.8 68.31278 59.78399
1828000 301.34836 -444101.84 -440513.29 8632.13 71.490563 59.819572
1829000 303.38626 -444127.44 -440514.61 8637.87 80.696644 59.882836
1830000 299.82996 -444085.28 -440514.81 8641.71 86.718654 59.963911
1831000 303.69356 -444131.5 -440515.02 8643.34 64.210514 59.976702
1832000 300.66337 -444095.28 -440514.88 8646.69 57.445088 59.9691
1833000 299.26098 -444077.56 -440513.86 8650.59 60.425738 59.970467
1834000 302.94451 -444122.25 -440514.68 8655.29 60.628125 59.97243
1835000 300.53317 -444093.06 -440514.21 8656.75 48.304653 59.937705
1836000 302.75318 -444121.38 -440516.09 8660.99 63.166712 59.947286
1837000 298.71806 -444072.12 -440514.89 8669.12 57.302006 59.93946
1838000 299.28592 -444079.03 -440515.03 8674.62 67.691684 59.962328
1839000 299.33371 -444078.59 -440514.03 8675.85 73.929333 60.003407
1840000 299.89247 -444085.34 -440514.12 8680.45 75.129156 60.047764
1841000 301.97 -444110.81 -440514.85 8685.34 58.646026 60.043666
1842000 295.71088 -444035.19 -440513.76 8693.05 73.269688 60.082226
1843000 301.33312 -444103.06 -440514.69 8699.36 79.132211 60.137603
1844000 301.53419 -444105.75 -440514.98 8707.46 81.003552 60.198084
1845000 299.5668 -444082.38 -440515.03 8709.44 72.533705 60.233737
1846000 299.24811 -444078.5 -440514.95 8712.91 67.682534 60.255203
1847000 306.86865 -444170.16 -440515.86 8718.02 57.309936 60.246739
1848000 296.75265 -444049.38 -440515.54 8722.97 54.892537 60.231398
1849000 308.02451 -444182.41 -440514.35 8729.72 54.836651 60.215984
1850000 301.17868 -444101.41 -440514.87 8735.3 68.092411 60.238424
1851000 300.59489 -444094.03 -440514.45 8742.09 73.841799 60.27707
1852000 298.94063 -444074.06 -440514.18 8743.73 89.207099 60.359025
1853000 294.54409 -444021.59 -440514.06 8751.08 88.771203 60.439285
1854000 299.94295 -444085.94 -440514.12 8757.87 88.046856 60.517053
1855000 300.76399 -444096.59 -440515 8764.46 92.341518 60.606448
1856000 300.61752 -444094.22 -440514.36 8768.39 58.747965 60.601242
1857000 297.8696 -444061.53 -440514.4 8773.03 49.677506 60.570729
1858000 297.97325 -444062.34 -440513.98 8778.62 53.87025 60.552064
1859000 303.57893 -444130.03 -440514.91 8785.69 65.818851 60.566694
1860000 299.94441 -444085.69 -440513.85 8791.33 60.332271 60.566045
1861000 300.33231 -444090.34 -440513.89 8797 69.621117 60.591059
1862000 294.69799 -444023.06 -440513.7 8798.52 71.44542 60.620961
1863000 299.07351 -444075.56 -440514.09 8804.63 74.774847 60.659845
1864000 295.77914 -444036.53 -440514.29 8806.42 81.658655 60.717376
1865000 301.11132 -444099.91 -440514.17 8809.06 77.387667 60.762923
1866000 299.62325 -444082.88 -440514.86 8813.36 59.510276 60.75951
1867000 302.60357 -444117.88 -440514.37 8817.33 72.963525 60.792673
1868000 296.85857 -444048.34 -440513.25 8819.41 72.281515 60.823808
1869000 297.12798 -444051.5 -440513.2 8823.92 86.372108 60.892858
1870000 297.43073 -444056.12 -440514.22 8831.42 64.581676 60.902801
1871000 299.45701 -444080.31 -440514.28 8835.26 47.149619 60.86583
1872000 301.03098 -444099.22 -440514.44 8839.16 63.966399 60.874142
1873000 293.67671 -444009.81 -440512.61 8843.61 60.853029 60.874086
1874000 300.55933 -444093.59 -440514.43 8845.82 62.58846 60.878657
1875000 297.36699 -444054.72 -440513.57 8852.65 61.596109 60.880566
1876000 300.59242 -444093.97 -440514.41 8859.94 57.713204 60.872164
1877000 300.37439 -444090.38 -440513.42 8865.41 56.644832 60.860981
1878000 298.32519 -444066.28 -440513.72 8873.01 53.78723 60.842316
1879000 299.5226 -444081.72 -440514.9 8874.58 71.560463 60.870522
1880000 301.51206 -444104.5 -440513.99 8878.15 59.924352 60.868039
1881000 294.01703 -444015.56 -440514.31 8880.56 50.512786 60.840931
1882000 304.44047 -444140.31 -440514.93 8888.34 69.537739 60.863638
1883000 296.88744 -444049.59 -440514.16 8889.55 63.714337 60.871061
1884000 298.90199 -444073.88 -440514.45 8898.12 71.005947 60.897386
1885000 298.18449 -444065.59 -440514.71 8899.75 59.81618 60.894585
1886000 299.82328 -444084.81 -440514.42 8906.05 72.808407 60.92537
1887000 299.38817 -444079.62 -440514.41 8912.86 74.755547 60.961015
1888000 298.58689 -444069.25 -440513.58 8918.5 59.812432 60.958062
1889000 296.34031 -444043.94 -440515.02 8923.35 73.085926 60.989159
1890000 299.0591 -444075.62 -440514.33 8932.5 73.807919 61.021944
1891000 302.64681 -444118.12 -440514.11 8934.44 73.108247 61.052776
1892000 294.253 -444018.53 -440514.47 8938.86 60.839091 61.052232
1893000 300.88303 -444097.25 -440514.23 8943.19 68.559274 61.071286
1894000 296.97709 -444050.94 -440514.43 8947.39 81.641276 61.123362
1895000 302.72684 -444119.62 -440514.65 8949.88 77.049676 61.16358
1896000 302.5274 -444117.84 -440515.25 8954.52 78.121262 61.206294
1897000 300.1631 -444088.47 -440514.03 8964.76 78.206602 61.249008
1898000 302.72501 -444118.69 -440513.74 8966.08 80.4059 61.297021
1899000 301.74571 -444107.62 -440514.34 8972.54 68.611129 61.315306
1900000 302.92148 -444121.56 -440514.27 8977.39 87.283275 61.380064
1901000 301.6953 -444106.59 -440513.9 8984.8 72.516691 61.407767
1902000 301.49898 -444105.53 -440515.18 8988.74 72.974048 61.436468
1903000 303.48162 -444128.25 -440514.29 8993.52 45.365031 61.396687
1904000 296.15547 -444041.31 -440514.59 8999.93 59.429552 61.39183
1905000 302.90193 -444121.59 -440514.54 9006.52 77.103096 61.430527
1906000 296.74241 -444047.75 -440514.04 9010.16 69.248948 61.449737
1907000 301.4169 -444103.47 -440514.09 9014.61 86.82265 61.511926
1908000 296.02087 -444039.84 -440514.73 9018.77 82.556857 61.56338
1909000 301.2112 -444101.81 -440514.89 9025.55 77.07386 61.601211
1910000 299.35206 -444079.12 -440514.34 9032.86 65.017346 61.609523
1911000 298.3215 -444066.81 -440514.3 9038.58 68.383149 61.625963
1912000 298.7397 -444071.25 -440513.76 9047.39 59.157521 61.619987
1913000 300.68272 -444094.28 -440513.65 9049.68 53.88793 61.60131
1914000 301.82708 -444108.88 -440514.62 9056.72 41.242252 61.552252
1915000 302.36228 -444115.44 -440514.81 9061.46 57.78964 61.543207
1916000 299.71531 -444083.56 -440514.45 9068.29 65.571641 61.552868
1917000 299.3441 -444078.41 -440513.72 9071.64 77.907925 61.591995
1918000 305.7213 -444155.41 -440514.77 9073.72 58.755369 61.585225
1919000 296.32966 -444042.91 -440514.11 9074.95 62.699917 61.587879
1920000 293.69208 -444011.5 -440514.12 9078.68 62.071196 61.589027
1921000 303.32107 -444126.5 -440514.45 9085.12 41.315712 61.540986
1922000 299.91325 -444085.81 -440514.34 9090.2 70.556714 61.5623
1923000 299.81891 -444086.25 -440515.91 9094.56 65.785857 61.572261
1924000 302.67455 -444117.22 -440512.87 9100.57 62.82977 61.57522
1925000 298.1737 -444064.44 -440513.68 9108.77 80.528645 61.619711
1926000 299.12102 -444076.31 -440514.28 9110.99 52.785228 61.599022
1927000 300.7006 -444095.69 -440514.84 9117.61 42.449704 61.55428
1928000 301.06515 -444098.88 -440513.69 9119.41 70.904575 61.576076
1929000 306.37685 -444163.5 -440515.06 9126.48 55.465664 61.561865
1930000 297.8289 -444059.88 -440513.23 9135.22 58.832818 61.555534
1931000 302.65281 -444119.28 -440515.19 9139.45 64.736156 61.562896
1932000 300.40132 -444091.22 -440513.94 9146.55 59.391055 61.55788
1933000 301.79934 -444108.66 -440514.73 9153.26 67.434864 61.571422
1934000 303.78668 -444132.38 -440514.78 9159.57 65.669406 61.580842
1935000 298.07184 -444063.19 -440513.65 9164.21 69.318266 61.598589
1936000 303.79308 -444131.78 -440514.11 9170.92 71.480738 61.621202
1937000 300.2321 -444089.47 -440514.2 9174.97 76.747398 61.655737
1938000 303.32987 -444127.28 -440515.13 9179.93 54.304389 61.638991
1939000 300.61383 -444094.03 -440514.22 9184.42 76.354945 61.672437
1940000 298.99223 -444074.78 -440514.28 9185.82 71.692247 61.695157
1941000 302.10051 -444111.88 -440514.36 9193.98 72.21671 61.718962
1942000 297.59393 -444057.88 -440514.03 9197.88 74.146428 61.747015
1943000 297.91795 -444061.84 -440514.14 9202.87 72.905886 61.772147
1944000 299.0597 -444075.38 -440514.07 9209.28 82.21283 61.818082
1945000 301.80726 -444108.19 -440514.17 9213.66 90.920176 61.883333
1946000 299.69248 -444083.16 -440514.32 9216.36 93.605749 61.9543
1947000 302.2125 -444112.88 -440514.03 9223 98.222703 62.035257
1948000 299.83079 -444084.12 -440513.64 9231.02 89.122629 62.095585
1949000 301.54242 -444105.06 -440514.19 9239.68 75.381546 62.125109
1950000 298.07789 -444062.75 -440513.14 9243.09 79.674668 62.164022
1951000 300.89502 -444097.38 -440514.22 9249.14 89.248918 62.223944
1952000 298.08349 -444063.81 -440514.13 9250.67 89.171173 62.28343
1953000 299.05595 -444076.06 -440514.8 9255.21 83.19944 62.329501
1954000 296.17729 -444040.69 -440513.71 9263.78 92.851551 62.396582
1955000 300.53518 -444092.97 -440514.09 9268.64 93.053027 62.463811
1956000 299.4401 -444079.31 -440513.48 9272.79 99.294238 62.544403
1957000 301.48869 -444104.66 -440514.43 9274.99 82.089456 62.587078
1958000 301.04391 -444098.94 -440514.01 9282.45 84.896288 62.635682
1959000 296.04006 -444039.38 -440514.03 9289.36 100.8281 62.718709
1960000 298.51601 -444067.69 -440512.86 9294.17 87.095831 62.771587
1961000 302.46424 -444115.31 -440513.47 9300.16 85.984035 62.821831
1962000 298.54352 -444068.91 -440513.75 9308.79 99.96037 62.902044
1963000 300.37486 -444091.31 -440514.35 9314.42 76.036725 62.930351
1964000 304.05605 -444135.56 -440514.76 9318.65 76.588736 62.959724
1965000 297.44307 -444055.97 -440513.92 9322.81 69.070391 62.972837
1966000 302.07689 -444111.53 -440514.3 9327.56 69.816844 62.987492
1967000 302.06711 -444111.91 -440514.79 9329.69 83.52319 63.031372
1968000 294.84189 -444025.03 -440513.95 9331.6 62.007562 63.029189
1969000 303.89915 -444133.56 -440514.63 9337.69 69.393755 63.042731
1970000 299.77572 -444084.28 -440514.45 9342.63 89.644973 63.099211
1971000 305.00187 -444146.75 -440514.69 9346.7 78.69241 63.132247
1972000 300.63951 -444094.12 -440514.01 9351.34 78.363549 63.164449
1973000 299.99585 -444087.06 -440514.61 9355.31 67.196777 63.172956
1974000 303.07784 -444123.44 -440514.28 9359.25 61.904248 63.170285
1975000 301.26706 -444101.31 -440513.72 9364.1 71.195929 63.187146
1976000 300.16421 -444088.44 -440513.98 9373.05 66.011149 63.193066
1977000 299.93612 -444085.47 -440513.73 9375.42 68.305218 63.203761
1978000 296.80034 -444048.09 -440513.7 9381.71 74.773974 63.227916
1979000 302.59874 -444117.41 -440513.96 9383.42 68.812724 63.239551
1980000 301.5244 -444104.38 -440513.72 9385.14 57.54894 63.22772
1981000 300.86407 -444096.56 -440513.77 9389.33 57.495645 63.215828
1982000 298.29802 -444066.25 -440514.02 9391.17 60.073726 63.209322
1983000 299.65282 -444082 -440513.63 9396.53 60.905067 63.204561
1984000 300.43278 -444091.5 -440513.85 9398.51 56.603484 63.190951
1985000 297.45322 -444055.75 -440513.58 9404.88 53.489204 63.170989
1986000 300.69424 -444094.22 -440513.45 9409.73 79.16686 63.203834
1987000 301.61009 -444105.5 -440513.83 9411.64 71.152311 63.220122
1988000 299.00892 -444074.47 -440513.77 9417.26 70.390001 63.234784
1989000 299.7379 -444083.19 -440513.81 9421.32 61.810248 63.231877
1990000 302.1015 -444111.38 -440513.85 9425.4 76.838046 63.259588
1991000 298.03847 -444063.03 -440513.89 9434.41 56.668478 63.246192
1992000 299.16249 -444076.38 -440513.85 9436.26 49.970202 63.219263
1993000 301.53889 -444104.19 -440513.36 9440.29 56.592973 63.205849
1994000 300.65625 -444094.5 -440514.18 9444.12 67.153042 63.213823
1995000 295.9402 -444037.81 -440513.66 9449.05 60.751217 63.208858
1996000 298.45649 -444066.97 -440512.85 9453.67 73.717875 63.230003
1997000 300.14624 -444088.31 -440514.07 9455.54 71.354377 63.246317
1998000 298.63028 -444071.59 -440515.4 9460.3 78.019428 63.275923
1999000 297.83338 -444060.94 -440514.24 9464.28 72.022121 63.293415
2000000 298.17739 -444064.41 -440513.61 9468.85 72.730039 63.312251
2001000 298.03797 -444064.12 -440514.99 9470.22 78.189385 39.094693
2002000 298.25944 -444066.38 -440514.6 9474.79 61.943778 46.711055
2003000 299.21175 -444076.81 -440513.7 9481.96 61.544641 50.419451
2004000 302.25561 -444113.62 -440514.26 9486.86 63.390465 53.013654
2005000 300.22768 -444088.09 -440512.88 9492.68 58.838384 53.984442
2006000 300.04227 -444086.69 -440513.68 9498.63 61.71289 55.088506
2007000 296.58432 -444045.34 -440513.52 9503.63 50.974071 54.574202
2008000 301.26828 -444100.28 -440512.68 9507.79 47.9492 53.83809
2009000 299.29383 -444077.19 -440513.1 9509.73 62.422888 54.69657
2010000 299.78664 -444084.56 -440514.6 9516.07 78.327554 56.844841
2011000 299.30461 -444078.75 -440514.53 9519.73 61.936656 57.269159
2012000 301.45607 -444104.41 -440514.57 9521.59 45.544703 56.367278
2013000 301.425 -444103.62 -440514.15 9527.52 52.742243 56.108347
2014000 301.11771 -444100 -440514.19 9531.65 75.98765 57.433634
2015000 299.73892 -444083.41 -440514.01 9540.98 77.682989 58.699219
2016000 300.01061 -444086.19 -440513.56 9542.95 64.368086 59.032681
2017000 299.04734 -444075.78 -440514.63 9547.77 53.214592 58.709454
2018000 304.09637 -444135.41 -440514.12 9549.73 65.731429 59.079032
2019000 300.84218 -444094.97 -440512.44 9553.5 64.817408 59.365951
2020000 299.38788 -444078.25 -440513.04 9555 61.671727 59.475749
2021000 300.50838 -444092.22 -440513.66 9562.07 53.69968 59.213201
2022000 298.8017 -444072.41 -440514.18 9565.8 53.238746 58.953442
2023000 304.02248 -444135.12 -440514.72 9572.52 59.921913 58.993795
2024000 300.09908 -444087.34 -440513.66 9580.61 63.311344 59.166497
2025000 300.2178 -444089.84 -440514.75 9585.01 61.6296 59.261232
2026000 304.71912 -444142.91 -440514.21 9591.83 75.06629 59.846604
2027000 307.28836 -444173.69 -440514.39 9593.82 67.059141 60.104195
2028000 300.77055 -444095.34 -440513.67 9595.4 68.747025 60.402223
2029000 301.90089 -444108.91 -440513.77 9599.53 52.90958 60.152469
2030000 299.73244 -444083.41 -440514.09 9606.68 54.622532 59.974084
2031000 297.88135 -444061.53 -440514.26 9611.76 57.915477 59.909752
2032000 301.12991 -444100 -440514.04 9620.11 56.764939 59.814455
2033000 299.2475 -444077.34 -440513.8 9625.96 53.636423 59.632748
2034000 299.07606 -444074.84 -440513.35 9633.81 53.798308 59.46605
2035000 300.49534 -444093 -440514.6 9635.58 44.763123 59.057635
2036000 305.06694 -444147.69 -440514.85 9641.36 46.052558 58.706146
2037000 299.72632 -444083.47 -440514.23 9649.66 61.452451 58.778418
2038000 301.18052 -444100.81 -440514.25 9657.99 66.224132 58.969333
2039000 303.96483 -444134.28 -440514.57 9661.94 69.265547 59.226739
2040000 298.83431 -444073.09 -440514.47 9669.14 69.912068 59.487357
2041000 295.46178 -444032.53 -440514.07 9673.1 80.946687 59.998293
2042000 298.22643 -444064.69 -440513.31 9677.25 82.495778 60.52149
2043000 297.98592 -444061.84 -440513.33 9684.45 92.666118 61.25205
2044000 298.73861 -444071.34 -440513.86 9691.93 86.519117 61.81354
2045000 300.06226 -444086.72 -440513.48 9696.59 90.241604 62.431542
2046000 296.08706 -444039.88 -440513.97 9701.84 87.598842 62.967016
2047000 296.46294 -444044.16 -440513.78 9706.77 99.182193 63.721499
2048000 294.88751 -444025.38 -440513.76 9713.39 93.024024 64.31951
2049000 299.93393 -444085.88 -440514.16 9719.98 95.657091 64.946261
2050000 297.54841 -444057.12 -440513.82 9721.56 88.55335 65.409146
2051000 302.24303 -444113.5 -440514.29 9725.5 77.813931 65.647699
2052000 298.93997 -444073.53 -440513.65 9731.93 84.910507 66.011148
2053000 306.20821 -444161.28 -440514.85 9739.54 60.04549 65.900673
2054000 295.26441 -444029.91 -440513.8 9748.19 57.542189 65.748701
2055000 298.90458 -444073.41 -440513.95 9752.95 47.010493 65.41409
2056000 302.78628 -444120.34 -440514.66 9758.07 55.611915 65.242122
2057000 306.45882 -444163.34 -440513.93 9760.09 57.029922 65.100532
2058000 298.19698 -444064.81 -440513.78 9765.07 54.374287 64.918731
2059000 300.31307 -444089.91 -440513.68 9768.67 65.027192 64.920539
2060000 295.87822 -444036.78 -440513.36 9770.31 43.568245 64.570502
2061000 301.80765 -444108.16 -440514.13 9775.23 58.849266 64.478224
2062000 300.40615 -444090.91 -440513.57 9777.17 65.499435 64.494433
2063000 300.21508 -444088.91 -440513.84 9779.03 61.029963 64.440301
2064000 299.31308 -444077.81 -440513.49 9785.24 55.646088 64.305005
2065000 301.90335 -444109.47 -440514.3 9789.3 51.305885 64.108049
2066000 297.36764 -444055.53 -440514.38 9793.98 52.249651 63.931058
2067000 299.47859 -444079.53 -440513.24 9800.98 49.720618 63.722081
2068000 297.72732 -444059.09 -440513.66 9802.49 47.790451 63.491188
2069000 301.64805 -444105.34 -440513.22 9807.24 52.169519 63.32945
2070000 302.79945 -444119.59 -440513.76 9814.05 52.533756 63.177398
2071000 299.65609 -444082.22 -440513.81 9818.55 51.217463 63.011287
2072000 296.47908 -444044.31 -440513.74 9820.11 60.592858 62.978158
2073000 301.63673 -444106.34 -440514.35 9821.7 69.356222 63.064348
2074000 300.93742 -444097.78 -440514.12 9823.33 63.702375 63.072855
2075000 298.41757 -444067.5 -440513.84 9824.82 76.98598 63.255923
2076000 291.9828 -443990.75 -440513.72 9826.82 68.179965 63.319871
2077000 299.90504 -444085.19 -440513.82 9830.79 58.810844 63.262063
2078000 301.55052 -444105.06 -440514.1 9835.7 60.991875 63.233327
2079000 302.50782 -444116.97 -440514.6 9838.25 72.736728 63.352119
2080000 305.80098 -444156.06 -440514.48 9845.44 68.633685 63.417324
2081000 299.92521 -444085.53 -440513.92 9852.04 67.865851 63.471574
2082000 302.65196 -444118.38 -440514.29 9853.58 65.326516 63.493923
2083000 298.32293 -444066.38 -440513.85 9859.93 62.715282 63.484653
2084000 298.78029 -444071.56 -440513.59 9864.06 65.009689 63.502595
2085000 301.26227 -444101.69 -440514.16 9868.35 51.532382 63.363406
2086000 293.65436 -444011.56 -440514.63 9870.47 54.179382 63.257843
2087000 296.95848 -444049.84 -440513.56 9878.9 51.621061 63.125607
2088000 297.00346 -444050.03 -440513.21 9882.8 61.244109 63.104466
2089000 298.18499 -444064.59 -440513.71 9887.69 56.212813 63.027892
2090000 298.69966 -444070.47 -440513.45 9889.22 54.963297 62.93927
2091000 298.26069 -444066.09 -440514.31 9896.65 53.641196 62.838204
2092000 299.9731 -444086 -440513.82 9904.47 41.676213 62.610656
2093000 304.31878 -444139.19 -440515.26 9905.65 56.052455 62.540888
2094000 295.5256 -444032.53 -440513.31 9910.03 54.079444 62.45182
2095000 299.57106 -444080.94 -440513.54 9918.26 53.338349 62.356888
2096000 300.19701 -444088.06 -440513.22 9920.13 51.801395 62.248069
2097000 298.67031 -444069.72 -440513.05 9924.88 39.656916 62.017547
2098000 301.87995 -444109.03 -440514.14 9926.91 54.628403 61.942909
2099000 298.70629 -444070.91 -440513.81 9931.05 48.892826 61.812408
2100000 301.40999 -444103.34 -440514.05 9936.83 59.7831 61.792316
2101000 293.12113 -444004.47 -440513.88 9943.69 67.651812 61.849762
2102000 297.99519 -444062.19 -440513.56 9947.51 46.52835 61.70101
2103000 297.8543 -444060.75 -440513.8 9956.18 33.996465 61.43462
2104000 295.82803 -444037.38 -440514.56 9964.88 40.961681 61.23964
2105000 300.68491 -444095.81 -440515.16 9966.6 51.343393 61.146279
2106000 295.0684 -444027.53 -440513.76 9972.29 45.135224 60.996643
2107000 293.08663 -444002.66 -440512.48 9977.42 36.707041 60.771739
2108000 301.01877 -444098.5 -440513.87 9980.9 41.253736 60.592675
2109000 297.42494 -444056.09 -440514.26 9983.22 44.952778 60.450494
2110000 297.56172 -444057.81 -440514.35 9987.95 30.963146 60.184843
2111000 300.81329 -444095.91 -440513.72 9989.81 44.799841 60.047476
2112000 306.2351 -444161.28 -440514.53 9997.81 51.78074 59.97432
2113000 300.38397 -444091.62 -440514.55 10002.2 39.730939 59.796746
2114000 299.05853 -444075.44 -440514.15 10011.5 47.623656 59.690893
2115000 299.15728 -444077 -440514.53 10015.4 43.149097 59.548291
2116000 302.12617 -444112.72 -440514.9 10020.2 57.172391 59.527985
2117000 293.92798 -444013.91 -440513.71 10024.2 50.222637 59.449126
2118000 305.318 -444149.97 -440514.14 10026.8 53.605806 59.400022
2119000 295.36412 -444031.06 -440513.77 10028.8 52.889034 59.345764
2120000 303.55823 -444129 -440514.13 10033.5 60.027465 59.351398
2121000 295.60798 -444033.88 -440513.68 10038 71.65079 59.452212
2122000 297.78204 -444060.53 -440514.44 10039.9 61.190859 59.466348
2123000 293.80664 -444012.75 -440514 10044 50.562793 59.394545
2124000 297.28044 -444053.62 -440513.51 10048.1 46.867854 59.294331
2125000 301.65409 -444106.38 -440514.18 10052.6 70.032757 59.379557
2126000 301.89694 -444108.88 -440513.78 10057.3 50.471505 59.309415
2127000 296.00493 -444038.91 -440513.98 10064.9 65.528567 59.358002
2128000 293.55715 -444008.91 -440513.13 10069 61.413672 59.373937
2129000 299.63456 -444082.53 -440514.38 10075.5 68.971783 59.447767
2130000 300.56129 -444092.72 -440513.53 10079.1 66.503088 59.501624
2131000 297.63992 -444058.31 -440513.92 10086.1 70.400133 59.584189
2132000 295.96538 -444038.12 -440513.67 10094.5 82.254628 59.754643
2133000 302.51747 -444116.66 -440514.18 10101.8 75.985681 59.87577
2134000 300.70961 -444094.88 -440513.92 10107.6 81.641012 60.036994
2135000 304.50593 -444139.66 -440513.5 10115 81.779069 60.196863
2136000 297.93281 -444061.84 -440513.96 10118.6 92.297079 60.431171
2137000 302.46772 -444116.25 -440514.36 10125.2 69.74833 60.498686
2138000 300.50959 -444092.44 -440513.87 10131.4 87.3572 60.691913
2139000 299.79205 -444083.84 -440513.82 10133.1 72.593463 60.776924
2140000 299.79674 -444084.94 -440514.86 10141.2 62.31738 60.787849
2141000 301.16375 -444101.22 -440514.86 10145.9 77.23601 60.903682
2142000 298.41579 -444067.28 -440513.65 10150.7 75.218292 61.003784
2143000 297.50158 -444056.72 -440513.97 10154.8 76.112718 61.108707
2144000 295.82302 -444036.25 -440513.49 10156.9 53.084288 61.053366
2145000 300.78069 -444095.72 -440513.92 10161.3 51.587284 60.98853
2146000 302.51648 -444116.66 -440514.19 10165.5 47.733037 60.898356
2147000 301.69672 -444105.75 -440513.04 10169.5 60.600593 60.896345
2148000 301.71783 -444107.22 -440514.26 10171.5 52.256198 60.838357
2149000 299.03514 -444074.44 -440513.43 10176.6 50.838002 60.771688
2150000 300.56935 -444092.56 -440513.28 10181.7 52.005543 60.713634
2151000 298.49699 -444067.38 -440512.77 10187.4 25.826004 60.48411
2152000 294.55377 -444020.75 -440513.1 10192.8 52.46716 60.431712
2153000 299.38962 -444078.59 -440513.36 10200.5 51.398508 60.373055
2154000 299.35365 -444078.88 -440514.07 10205 43.296227 60.262882
2155000 300.01793 -444086.06 -440513.35 10207.3 56.70262 60.240059
2156000 297.88809 -444061.06 -440513.71 10215.3 61.676244 60.249207
2157000 298.83292 -444072.56 -440513.96 10220.4 47.12723 60.166157
2158000 298.78945 -444071.69 -440513.6 10222.4 44.248059 60.066043
2159000 296.56629 -444045.72 -440514.11 10224.6 55.15149 60.035327
2160000 300.6788 -444094.78 -440514.2 10230.8 65.082928 60.066678
2161000 298.08156 -444063.28 -440513.63 10236.8 62.769294 60.083361
2162000 293.99397 -444013.56 -440512.58 10240.6 63.690269 60.105489
2163000 299.811 -444084.22 -440513.97 10247.8 65.19327 60.136512
2164000 299.75151 -444083.31 -440513.77 10249.4 58.205458 60.124809
2165000 294.47431 -444020.06 -440513.36 10254.7 44.83719 60.032715
2166000 300.67607 -444094.56 -440514.01 10256.4 65.548803 60.065745
2167000 305.8324 -444156.69 -440514.73 10261.6 60.27774 60.067007
2168000 297.44971 -444056.03 -440513.9 10268.5 66.144805 60.102971
2169000 299.88854 -444084.72 -440513.55 10270.5 53.83047 60.066074
2170000 301.54611 -444105.09 -440514.18 10274.3 57.30964 60.049954
2171000 298.91764 -444073.53 -440513.92 10276.2 51.795803 60.001965
2172000 304.38093 -444138.94 -440514.27 10281.1 43.284917 59.905335
2173000 299.02744 -444074.88 -440513.96 10285.2 47.999109 59.836908
2174000 302.52475 -444116.94 -440514.37 10287.3 52.719084 59.796235
2175000 302.43221 -444114.75 -440513.29 10294.7 46.68485 59.721738
2176000 301.40404 -444102.97 -440513.75 10299.2 58.106518 59.712613
2177000 294.59263 -444021.03 -440512.92 10304.5 52.710895 59.673277
2178000 299.43733 -444079.44 -440513.64 10306.6 57.429935 59.660744
2179000 302.99582 -444122.12 -440513.95 10311 70.651948 59.721807
2180000 301.4537 -444103.75 -440513.94 10315.8 75.847143 59.810897
2181000 299.50841 -444079.81 -440513.17 10321.2 62.980733 59.828314
2182000 298.23899 -444065.06 -440513.53 10329.8 62.534763 59.843103
2183000 300.81011 -444096.69 -440514.54 10334.6 63.511094 59.863038
2184000 299.4929 -444080.72 -440514.26 10338.5 74.076352 59.939866
2185000 301.68131 -444105.66 -440513.13 10343.2 76.641486 60.02966
2186000 301.74036 -444107.22 -440513.99 10350.7 71.381326 60.090364
2187000 301.24872 -444101.22 -440513.85 10355.7 53.019956 60.052756
2188000 297.11602 -444051.72 -440513.56 10363.3 41.586133 59.955049
2189000 296.85373 -444047.81 -440512.78 10367.6 42.583185 59.863618
2190000 303.0468 -444121.34 -440512.56 10369.6 55.219199 59.839301
2191000 299.28454 -444077.12 -440513.14 10373.9 64.971147 59.86603
2192000 299.6245 -444080.91 -440512.88 10378.5 74.572226 59.942228
2193000 299.461 -444079.31 -440513.23 10383.7 85.937019 60.076221
2194000 298.71964 -444070.75 -440513.5 10391.6 81.946047 60.188374
2195000 301.42607 -444102.44 -440512.95 10393.3 88.851041 60.334613
2196000 298.92195 -444072.72 -440513.06 10395.3 75.205393 60.410099
2197000 299.04025 -444074.53 -440513.46 10399.9 69.672222 60.456877
2198000 304.128 -444134.88 -440513.22 10404.6 45.937228 60.383914
2199000 294.39367 -444019.19 -440513.45 10409.1 59.440611 60.379198
2200000 301.50216 -444103.78 -440513.39 10413 64.237194 60.398392
2201000 298.6963 -444070.44 -440513.46 10419.5 63.562886 60.414057
2202000 300.97121 -444097.56 -440513.5 10424 60.09633 60.412492
2203000 297.21909 -444052.28 -440512.9 10425.8 54.86542 60.385301
2204000 295.60406 -444032.94 -440512.78 10430.4 65.02612 60.407939
2205000 306.24414 -444161.12 -440514.27 10435.6 68.607926 60.447745
2206000 300.52098 -444091.84 -440513.14 10440.8 68.625479 60.487251
2207000 298.25976 -444064.75 -440512.97 10442.3 61.378428 60.491535
2208000 301.2602 -444100.81 -440513.3 10450.5 76.236265 60.566869
2209000 302.62218 -444117.56 -440513.84 10452.7 65.888744 60.592211
2210000 298.16368 -444063.88 -440513.24 10454.4 79.443483 60.681553
2211000 295.68045 -444034.41 -440513.34 10460.1 66.227384 60.707713
2212000 304.01269 -444133.72 -440513.43 10465.5 64.354877 60.724836
2213000 300.20949 -444088.5 -440513.5 10474 69.001611 60.763512
2214000 300.09223 -444087 -440513.4 10481 61.389799 60.766425
2215000 300.31887 -444089 -440512.7 10483 51.20742 60.722171
2216000 298.5465 -444068.84 -440513.65 10489.4 56.674127 60.703516
2217000 303.82592 -444131.44 -440513.38 10493.9 69.709954 60.74483
2218000 303.81823 -444131.94 -440513.97 10495.5 50.076918 60.696118
2219000 298.62076 -444069.09 -440513.02 10500.3 50.182764 60.64833
2220000 297.93588 -444061 -440513.08 10502.1 53.394363 60.615507
2221000 301.4395 -444103.72 -440514.08 10507.4 56.203232 60.595632
2222000 298.42257 -444067.28 -440513.56 10514.9 65.40475 60.617197
2223000 296.62955 -444046.47 -440514.1 10519.3 61.394633 60.620668
2224000 301.22977 -444100.84 -440513.7 10523.8 65.269426 60.641329
2225000 302.65307 -444118.41 -440514.31 10529.8 65.235505 60.661657
2226000 305.97371 -444157.41 -440513.77 10531.3 59.339652 60.655833
2227000 298.18736 -444063.62 -440512.71 10533.3 61.250327 60.658441
2228000 299.86377 -444084.91 -440514.03 10534.8 57.549474 60.644865
2229000 300.42021 -444091.47 -440513.96 10538.8 63.403946 60.656861
2230000 300.81555 -444095.41 -440513.19 10543.1 57.55734 60.643443
2231000 299.11737 -444076.97 -440514.98 10547.4 55.046809 60.619319
2232000 296.25407 -444041.22 -440513.33 10551.9 69.320076 60.656662
2233000 296.42562 -444043.38 -440513.44 10559.9 62.805473 60.665845
2234000 299.43552 -444079.56 -440513.78 10565.6 71.333523 60.711239
2235000 301.80451 -444107.53 -440513.54 10571.6 60.087145 60.708595
2236000 297.694 -444058.28 -440513.24 10580.9 68.19449 60.740181
2237000 299.01822 -444074.75 -440513.94 10582.8 53.091496 60.708043
2238000 297.05765 -444050.69 -440513.23 10589 54.180483 60.680731
2239000 307.45442 -444175.03 -440513.76 10590.6 71.340817 60.725148
2240000 300.82883 -444096.56 -440514.19 10595.5 52.811418 60.692311
2241000 303.03972 -444122.34 -440513.64 10600.8 60.88008 60.693087
2242000 298.84431 -444071.91 -440513.17 10609.2 56.690187 60.676614
2243000 297.22469 -444052.97 -440513.52 10614.4 59.129894 60.670275
2244000 297.93525 -444061.84 -440513.93 10616 54.854789 60.646539
2245000 296.92779 -444050.38 -440514.46 10620.9 48.524034 60.59726
2246000 298.03314 -444062 -440512.92 10625 51.405993 60.560049
2247000 294.8862 -444023.72 -440512.11 10630.4 49.42074 60.515132
2248000 298.84832 -444071.5 -440512.71 10636.5 39.879656 60.432259
2249000 299.59068 -444081.56 -440513.94 10644.1 47.825605 60.381832
2250000 304.30171 -444137.66 -440513.93 10649.5 55.867195 60.363845
2251000 300.46281 -444091.09 -440513.08 10656.3 48.218501 60.31565
2252000 299.69574 -444082.5 -440513.62 10658.1 66.882029 60.341604
2253000 294.61424 -444021.41 -440513.04 10662.3 53.242744 60.313655
2254000 300.25103 -444089.62 -440514.13 10670.8 54.425813 60.290566
2255000 302.77302 -444119.56 -440514.04 10675.5 51.846857 60.257583
2256000 298.56559 -444069.28 -440513.86 10682.3 56.44021 60.242729
2257000 300.74056 -444095.22 -440513.9 10686.4 48.296985 60.196428
2258000 298.71256 -444070.5 -440513.33 10692.4 52.733591 60.167614
2259000 297.4199 -444055 -440513.22 10697.7 49.812111 60.127785
2260000 306.36734 -444163 -440514.67 10701.9 51.131441 60.093316
2261000 299.52391 -444080.41 -440513.57 10709.1 62.427492 60.102225
2262000 295.02608 -444026.5 -440513.23 10713.5 68.298416 60.133389
2263000 303.22023 -444125.06 -440514.21 10718 71.133013 60.175055
2264000 300.97302 -444097.44 -440513.35 10724 77.893506 60.241917
2265000 300.60126 -444093.66 -440514 10725.6 96.026517 60.376445
2266000 300.99661 -444097.34 -440512.97 10727.6 78.993599 60.446172
2267000 298.87535 -444072.69 -440513.58 10729.3 76.97731 60.507856
2268000 295.97877 -444038.06 -440513.45 10733.9 72.621027 60.552886
2269000 299.06955 -444074.59 -440513.17 10735.8 91.733871 60.668371
2270000 299.2253 -444076.47 -440513.19 10737.3 84.290569 60.755538
2271000 303.40581 -444127.09 -440514.04 10739.2 75.775895 60.81076
2272000 298.27238 -444066.25 -440514.32 10744.4 87.298875 60.907786
2273000 303.85167 -444131.75 -440513.38 10749.3 69.18068 60.937979
2274000 305.74354 -444154 -440513.1 10751.5 58.735774 60.929971
2275000 297.71004 -444058.72 -440513.49 10756.3 71.392417 60.967878
2276000 299.74099 -444083.41 -440513.99 10760.6 80.095123 61.03693
2277000 299.34123 -444077.78 -440513.13 10765.3 63.114444 61.044403
2278000 296.2674 -444041.66 -440513.6 10771 69.417692 61.074415
2279000 296.81037 -444047.72 -440513.2 10777.8 73.984665 61.120523
2280000 302.58322 -444116.53 -440513.27 10779.7 71.592249 61.157789
2281000 299.20015 -444075.75 -440512.77 10780.8 78.096733 61.217856
2282000 297.81672 -444060.03 -440513.53 10782.5 82.214992 61.292051
2283000 298.66403 -444070.34 -440513.75 10789.3 67.967885 61.315557
2284000 300.19011 -444087.28 -440512.52 10796 70.83599 61.348962
2285000 296.85923 -444047.34 -440512.24 10800.4 62.376043 61.352553
2286000 302.78803 -444119.25 -440513.55 10804.8 53.121055 61.323872
2287000 294.70659 -444022.84 -440513.38 10807.1 45.501396 61.268933
2288000 299.21163 -444077.12 -440514.01 10812.3 48.857525 61.225987
2289000 300.94638 -444097.09 -440513.32 10814.3 58.712811 61.217321
2290000 301.26029 -444101.09 -440513.58 10819.1 43.143456 61.155211
2291000 300.546 -444091.59 -440512.59 10825.1 61.075392 61.154938
2292000 298.52568 -444068.31 -440513.37 10832.8 54.653375 61.132748
2293000 296.26076 -444040.53 -440512.56 10837.7 46.294321 61.082277
2294000 298.29153 -444065.53 -440513.38 10841.7 54.061851 61.058479
2295000 299.52782 -444080.94 -440514.06 10846 46.656637 61.009825
2296000 303.31209 -444125.66 -440513.71 10851.4 65.055302 61.023446
2297000 302.10569 -444111.47 -440513.89 10858 58.582896 61.015256
2298000 297.24503 -444052.72 -440513.03 10863.6 58.02464 61.005254
2299000 299.02902 -444074.81 -440513.87 10867.4 75.74412 61.054383
2300000 303.51758 -444128.44 -440514.05 10869.2 79.084814 61.114285
2301000 299.25641 -444076.84 -440513.2 10873.1 61.389234 61.115196
2302000 297.11672 -444051.22 -440513.05 10878.2 61.625222 61.116879
2303000 299.17305 -444075.34 -440512.69 10885.9 65.298116 61.130633
2304000 298.66787 -444069 -440512.36 10890.7 64.339858 61.141155
2305000 295.12264 -444028.09 -440513.67 10894.4 59.369088 61.135364
2306000 301.48272 -444103.19 -440513.03 10901.5 49.320016 61.096877
2307000 301.05348 -444097.88 -440512.83 10905.4 73.583492 61.137418
2308000 303.37328 -444125.91 -440513.24 10907.5 57.000522 61.12403
2309000 301.15694 -444099.44 -440513.16 10913.2 55.198022 61.104914
2310000 298.64519 -444068.78 -440512.41 10917.6 56.583741 61.090377
2311000 298.92761 -444073.38 -440513.64 10922.6 49.203037 61.052276
2312000 295.04911 -444025.94 -440512.39 10927.6 68.21935 61.075174
2313000 302.83708 -444120.5 -440514.21 10929.2 53.758789 61.051874
2314000 298.91157 -444073.12 -440513.59 10931.5 48.293658 61.011371
2315000 295.66377 -444034.09 -440513.23 10935.5 46.64984 60.965923
2316000 295.98787 -444037.62 -440512.9 10937.3 50.590561 60.933194
2317000 295.46345 -444031.22 -440512.74 10943.8 50.425179 60.90015
2318000 296.51777 -444043.47 -440512.44 10946.2 54.396481 60.879762
2319000 298.27058 -444065.12 -440513.22 10951.1 56.71467 60.866746
2320000 301.48798 -444101.91 -440511.69 10955.7 50.770143 60.835292
2321000 299.99394 -444084.59 -440512.17 10962.6 64.605553 60.847001
2322000 301.08705 -444099.31 -440513.87 10967 68.604603 60.871019
2323000 298.69821 -444069.91 -440512.91 10972.2 62.946672 60.877425
2324000 300.23477 -444087.81 -440512.52 10974.5 66.282518 60.894056
2325000 304.96238 -444144.44 -440512.84 10979.2 57.121336 60.882483
2326000 305.05799 -444146.66 -440513.92 10985.2 58.442926 60.875023
2327000 299.66762 -444080.66 -440512.11 10989.8 52.727258 60.850182
2328000 296.32991 -444041.91 -440513.11 10993.7 54.513173 60.830921
2329000 302.48466 -444115.94 -440513.85 10995.6 42.120557 60.774223
2330000 296.99939 -444050.25 -440513.48 10999.9 50.435191 60.742987
2331000 295.10524 -444027.03 -440512.82 11004.7 47.110207 60.701924
2332000 298.1275 -444063.38 -440513.17 11006.5 36.815731 60.630194
2333000 298.79442 -444070.41 -440512.26 11011.1 47.337368 60.590395
2334000 297.13395 -444051.34 -440512.97 11018.1 46.231287 60.547532
2335000 301.46706 -444103.5 -440513.53 11021.4 55.617135 60.532858
2336000 302.44049 -444114.62 -440513.06 11029.4 52.489271 60.50899
2337000 296.24992 -444039.53 -440511.69 11037.6 52.52394 60.485366
2338000 296.45606 -444043.22 -440512.92 11043 51.16583 60.457874
2339000 302.52558 -444116.28 -440513.7 11047.4 56.17631 60.445282
2340000 297.96116 -444061.09 -440512.87 11052 63.730405 60.454915
2341000 303.97091 -444133.53 -440513.74 11058.5 45.674867 60.411699
2342000 301.19838 -444099.84 -440513.07 11063.1 57.529063 60.403295
2343000 302.88172 -444119.69 -440512.87 11066.4 60.235118 60.402806
2344000 297.69497 -444058.5 -440513.45 11071.5 48.033321 60.366952
2345000 300.73469 -444094.22 -440512.97 11075.5 53.043138 60.345785
2346000 305.1757 -444148.16 -440514.02 11082.3 59.191553 60.342459
2347000 296.5815 -444045.28 -440513.49 11086.7 53.303571 60.322232
2348000 301.79363 -444107.84 -440513.98 11093.5 65.064444 60.33582
2349000 304.1321 -444133.69 -440511.98 11098 56.249131 60.324144
2350000 300.71938 -444094.09 -440513.03 11105.6 59.625677 60.322154
2351000 301.68722 -444105.31 -440512.72 11107.5 65.008174 60.335466
2352000 300.78238 -444094.19 -440512.37 11109.3 54.891999 60.320046
2353000 299.96552 -444084.62 -440512.53 11115 54.394084 60.303306
2354000 298.64529 -444069.12 -440512.76 11119.2 43.659079 60.256421
2355000 298.65634 -444069.59 -440513.09 11121.2 43.268517 60.208702
2356000 296.92418 -444048.59 -440512.72 11128.5 37.40369 60.144822
2357000 296.19099 -444040.31 -440513.17 11133.6 65.943143 60.161019
2358000 298.92088 -444072.59 -440512.94 11141.9 66.489038 60.178645
2359000 301.31383 -444101.41 -440513.26 11146.4 65.469492 60.193342
2360000 300.10131 -444086.72 -440513.01 11153 68.187715 60.215487
2361000 303.62752 -444129.03 -440513.33 11157.5 79.792482 60.269567
2362000 304.28713 -444137.25 -440513.7 11162.5 73.997839 60.307386
2363000 303.11469 -444122.69 -440513.1 11168.1 58.037818 60.301151
2364000 299.2635 -444076.78 -440513.05 11172.5 62.758959 60.307885
2365000 299.3156 -444078.25 -440513.9 11176.8 59.242201 60.304973
2366000 296.85154 -444047.25 -440512.24 11182.5 57.429986 60.29714
2367000 300.06293 -444086.19 -440512.94 11184.5 62.159321 60.3022
2368000 298.90535 -444072.06 -440512.6 11186.6 70.199726 60.329022
2369000 305.3821 -444149.56 -440512.97 11189.1 60.144241 60.328523
2370000 297.34503 -444053.38 -440512.49 11195.7 51.777023 60.305473
2371000 300.03314 -444086.12 -440513.23 11197.6 55.684132 60.29305
2372000 300.82489 -444095 -440512.68 11204.4 66.753254 60.31037
2373000 300.2501 -444088.59 -440513.11 11211.6 66.726888 60.327526
2374000 300.95685 -444097.56 -440513.67 11216.2 80.944884 60.382506
2375000 296.96949 -444049.31 -440512.9 11218.1 77.948826 60.429225
2376000 298.40945 -444066.81 -440513.25 11219.3 76.753704 60.472526
2377000 302.03734 -444109.94 -440513.18 11224.4 81.344605 60.527743
2378000 298.78758 -444071.22 -440513.16 11226.7 60.904341 60.528737
2379000 303.77539 -444131.91 -440514.45 11228.7 56.967333 60.519364
2380000 296.9915 -444050.19 -440513.51 11236.6 48.680423 60.488291
2381000 294.37097 -444017.75 -440512.28 11239.1 52.612784 60.467675
2382000 298.12317 -444063.25 -440513.1 11244.5 58.876091 60.463519
2383000 293.98408 -444014.03 -440513.17 11248.5 58.530198 60.458484
2384000 294.44755 -444019.69 -440513.31 11256.6 67.677745 60.477236
2385000 306.3306 -444161.28 -440513.39 11260.7 62.580474 60.482685
2386000 295.51872 -444031.81 -440512.68 11268.3 54.845048 60.468117
2387000 295.33738 -444029.56 -440512.59 11273.8 65.434139 60.480916
2388000 302.18671 -444111.91 -440513.37 11282.4 77.257192 60.524043
2389000 302.99676 -444121.25 -440513.06 11287 65.730445 60.537392
2390000 301.29075 -444101.22 -440513.35 11290.5 53.945763 60.520534
2391000 299.32594 -444077.56 -440513.09 11292 63.336954 60.527719
2392000 300.54104 -444091.62 -440512.68 11295.9 65.109261 60.539377
2393000 303.30745 -444124.88 -440512.99 11299.4 66.004735 60.553248
2394000 301.35174 -444101.47 -440512.87 11303.5 76.094276 60.592592
2395000 292.75583 -443998.47 -440512.23 11305.6 55.648223 60.580107
2396000 297.12651 -444051.75 -440513.47 11309.4 50.625519 60.555032
2397000 297.19968 -444051.91 -440512.75 11311.5 44.18024 60.513889
2398000 303.39953 -444125.62 -440512.64 11316.6 50.496674 60.488784
2399000 295.18648 -444028.34 -440513.16 11322.1 61.093462 60.490295
2400000 299.58156 -444080.25 -440512.73 11330.7 38.841404 60.436308
2401000 299.93189 -444084 -440512.31 11335.7 48.531836 60.406695
2402000 296.75356 -444046.19 -440512.35 11342.9 45.611634 60.369983
2403000 298.12581 -444062.75 -440512.57 11347.4 79.416173 60.417127
2404000 300.0983 -444086.44 -440512.77 11352.6 68.307951 60.43661
2405000 298.93449 -444073.41 -440513.59 11354.2 58.277719 60.431293
2406000 297.07354 -444050.5 -440512.85 11359.4 52.634366 60.412136
2407000 301.20623 -444100.47 -440513.6 11361.2 62.702114 60.417748
2408000 294.9226 -444024.94 -440512.9 11368.5 51.465084 60.395859
2409000 303.04152 -444122.34 -440513.62 11372.1 68.251865 60.41502
2410000 299.14036 -444075.56 -440513.3 11374.1 75.023084 60.450563
2411000 298.51715 -444066.81 -440511.97 11376.1 63.529586 60.458036
2412000 295.03726 -444025.91 -440512.5 11380.7 68.281366 60.476979
2413000 298.56224 -444067.84 -440512.46 11387.9 67.711213 60.494453
2414000 300.33759 -444089.34 -440512.82 11392.4 72.463168 60.523293
2415000 302.54014 -444116.41 -440513.66 11394.1 88.159829 60.589727
2416000 301.93621 -444108.22 -440512.66 11398.3 81.096111 60.638903
2417000 298.63473 -444068.94 -440512.69 11404.2 75.429758 60.674288
2418000 298.62399 -444069.19 -440513.07 11409 71.605759 60.700377
2419000 299.93865 -444084.53 -440512.76 11415 70.366202 60.723391
2420000 300.98434 -444097.81 -440513.59 11419.1 83.574504 60.77767
2421000 300.30788 -444088.91 -440512.74 11424.4 85.945966 60.83731
2422000 297.85668 -444060.44 -440513.46 11426.3 81.873814 60.887042
2423000 301.21109 -444099.56 -440512.64 11428.2 56.061334 60.87566
2424000 296.55923 -444044.12 -440512.6 11431.3 50.975226 60.852365
2425000 301.85541 -444107 -440512.4 11434.3 61.585427 60.854086
2426000 297.21285 -444051.88 -440512.56 11441.2 67.641593 60.869982
2427000 296.33584 -444041.38 -440512.51 11445.7 73.341532 60.899121
2428000 301.43619 -444102.09 -440512.49 11453.7 70.905106 60.922445
2429000 301.38216 -444101.62 -440512.66 11460.9 56.185579 60.911429
2430000 303.12439 -444122.12 -440512.42 11465.4 46.335937 60.877611
2431000 301.38168 -444101.31 -440512.36 11470 45.917981 60.842982
2432000 300.97511 -444097.44 -440513.32 11475.1 47.067622 60.811169
2433000 301.11838 -444099.47 -440513.65 11479.7 52.954422 60.793065
2434000 298.31508 -444064.72 -440512.28 11484.2 45.247838 60.757329
2435000 295.72837 -444034.5 -440512.87 11489.8 61.841272 60.759815
2436000 302.89176 -444120.5 -440513.56 11491.3 63.681445 60.766501
2437000 297.58152 -444056.66 -440512.96 11495.7 63.102291 60.771834
2438000 299.59681 -444080.41 -440512.71 11497.6 61.059664 60.77249
2439000 292.09791 -443990.56 -440512.16 11504.9 55.386376 60.760248
2440000 303.82245 -444131.34 -440513.32 11509.2 63.788899 60.767116
2441000 299.22961 -444076.69 -440513.36 11513.1 62.407431 60.770827
2442000 299.58581 -444080.69 -440513.12 11518.2 74.98354 60.80291
2443000 308.44967 -444186.69 -440513.57 11525 69.710718 60.822973
2444000 301.02628 -444097.91 -440513.18 11530 62.739402 60.827279
2445000 301.84596 -444108.72 -440514.24 11533.9 67.001939 60.841124
2446000 302.80843 -444119.91 -440513.96 11539.2 69.427593 60.860333
2447000 298.98934 -444073.19 -440512.72 11546 68.383654 60.877126
2448000 298.47908 -444067.41 -440513.02 11550.2 62.645999 60.881066
2449000 301.50303 -444103.5 -440513.1 11555.9 51.061334 60.859244
2450000 297.91304 -444060.47 -440512.82 11558.1 55.883612 60.848212
2451000 299.23459 -444076.59 -440513.21 11560.3 53.25851 60.83142
2452000 302.61607 -444116.81 -440513.16 11568 45.520292 60.797621
2453000 298.73992 -444070.53 -440513.04 11573.4 70.885829 60.819842
2454000 300.51302 -444090.62 -440512.01 11574.9 60.139769 60.818347
2455000 295.53354 -444032.16 -440512.84 11576.5 55.337784 60.806328
2456000 296.37007 -444041.84 -440512.57 11580.9 70.45853 60.827449
2457000 299.98112 -444084.19 -440511.91 11585.7 61.756001 60.829476
2458000 300.67996 -444093.91 -440513.31 11592.6 54.620266 60.815949
2459000 297.81813 -444059.09 -440512.58 11598.6 63.261594 60.821265
2460000 300.55811 -444091.94 -440512.79 11604.2 64.892344 60.830096
2461000 302.96975 -444121.12 -440513.26 11609 66.457476 60.842277
2462000 297.93567 -444060.69 -440512.77 11617.2 65.131697 60.851541
2463000 301.39186 -444103.19 -440514.11 11618.7 69.085276 60.869286
2464000 295.52652 -444032.16 -440512.93 11622.9 58.31698 60.863797
2465000 304.71453 -444141.88 -440513.23 11625.1 55.955663 60.853265
2466000 300.00077 -444085.78 -440513.27 11631.5 59.714576 60.850827
2467000 301.20404 -444100.16 -440513.32 11634.1 60.331431 60.849717
2468000 303.2085 -444123.53 -440512.82 11643.1 38.703738 60.802497
2469000 300.86151 -444096.66 -440513.9 11647.9 43.079411 60.764788
2470000 303.81514 -444131.25 -440513.32 11653.4 56.716219 60.756193
2471000 295.2711 -444028.41 -440512.22 11659.3 61.531688 60.757836
2472000 300.829 -444095.25 -440512.88 11666.7 56.746097 60.749354
2473000 303.22592 -444125.38 -440514.46 11668.9 50.56433 60.727867
2474000 307.7467 -444177.66 -440512.91 11674.8 43.101596 60.690759
2475000 296.17181 -444040.03 -440513.12 11679.5 57.542725 60.684145
2476000 299.44237 -444078.12 -440512.26 11681.8 63.794532 60.690666
2477000 301.56085 -444104.88 -440513.79 11687.7 62.932556 60.695356
2478000 300.60126 -444092.44 -440512.78 11695.9 71.333639 60.717566
2479000 296.79327 -444046.81 -440512.5 11701.3 68.586907 60.73396
2480000 308.62258 -444189.47 -440514.29 11705.1 79.156487 60.772261
2481000 300.49646 -444091.19 -440512.77 11711.4 71.949083 60.795449
2482000 298.5287 -444068.22 -440513.24 11713.2 67.661333 60.809664
2483000 302.16049 -444111.59 -440513.37 11722.9 70.679392 60.830056
2484000 304.12777 -444135.09 -440513.44 11730.4 72.323163 60.853753
2485000 297.40691 -444054.09 -440512.47 11734.4 70.384624 60.873364
2486000 296.43011 -444042.66 -440512.67 11735.8 61.949974 60.875575
2487000 301.06375 -444098.25 -440513.08 11738.1 61.541982 60.87694
2488000 299.82233 -444083.12 -440512.74 11742.7 72.104431 60.8999
2489000 303.13043 -444122.91 -440513.13 11752 72.698446 60.923979
2490000 300.16128 -444087.16 -440512.73 11755.6 58.035345 60.918096
2491000 297.80749 -444059 -440512.61 11762 49.92995 60.895762
2492000 298.12973 -444063.16 -440512.93 11766.2 49.253408 60.872147
2493000 301.4987 -444103 -440512.65 11775.1 53.041595 60.856296
2494000 298.64248 -444069.12 -440512.79 11779.2 65.91828 60.866522
2495000 300.30052 -444089.41 -440513.33 11785.3 71.510783 60.887982
2496000 300.55434 -444092.25 -440513.15 11792.5 52.770475 60.871649
2497000 302.17179 -444111.34 -440512.98 11798.1 57.300767 60.864479
2498000 297.89409 -444060.28 -440512.86 11801.7 72.635414 60.888068
2499000 298.60759 -444067.31 -440511.39 11804.1 73.272064 60.912836
2500000 295.11783 -444026.53 -440512.17 11811.2 67.840529 60.926663
2501000 300.18231 -444087.59 -440512.92 11815.8 71.289294 35.644647
2502000 296.50547 -444042.59 -440511.71 11822.1 41.257086 37.51546
2503000 300.22587 -444087.84 -440512.65 11824 43.345808 38.973047
2504000 299.54899 -444080.47 -440513.34 11827.9 45.927108 40.363859
2505000 295.51968 -444031.69 -440512.54 11830.3 48.02393 41.640538
2506000 301.6974 -444105.47 -440512.75 11831.9 41.694274 41.648214
2507000 303.8846 -444131.62 -440512.87 11836.7 56.134982 43.45906
2508000 298.68088 -444070.06 -440513.27 11842.8 56.02474 44.855247
2509000 303.57756 -444128.41 -440513.3 11847.6 54.953066 45.865029
2510000 298.16456 -444063.69 -440513.04 11848.9 52.221962 46.442932
2511000 298.74923 -444070.44 -440512.83 11856.7 55.214734 47.173915
2512000 300.97591 -444096.84 -440512.72 11858.4 68.927696 48.847283
2513000 296.3499 -444040.72 -440511.68 11865 69.636076 50.332197
2514000 298.63236 -444068.97 -440512.75 11869 80.326102 52.331791
2515000 300.08455 -444085.72 -440512.21 11876.1 98.622001 55.224929
2516000 297.89713 -444059.5 -440512.04 11878.3 83.61277 56.894802
2517000 302.17106 -444111.12 -440512.77 11883.1 88.355587 58.642623
2518000 299.01209 -444073.91 -440513.17 11887.9 57.19106 58.566225
2519000 304.33901 -444136.22 -440512.05 11895.6 84.88304 59.882066
2520000 297.96494 -444060.53 -440512.26 11897.9 81.968123 60.933783
2521000 302.60202 -444117.09 -440513.61 11901.8 64.241182 61.084119
2522000 302.65974 -444117.62 -440513.45 11905.8 90.340801 62.356149
2523000 297.8019 -444058.84 -440512.52 11907.7 77.371976 62.981808
2524000 303.70382 -444129.16 -440512.55 11911.6 70.074137 63.265501
2525000 302.75521 -444118.09 -440512.78 11919.8 89.150275 64.26107
2526000 298.01348 -444062.06 -440513.22 11924.8 79.028227 64.808001
2527000 300.95301 -444096.62 -440512.78 11926.2 84.729827 65.519495
2528000 298.6003 -444068.62 -440512.79 11930.9 71.549699 65.727433
2529000 300.95645 -444096.38 -440512.48 11932.9 65.335144 65.714357
2530000 302.57 -444115.53 -440512.43 11934.8 84.309404 66.314197
2531000 302.39487 -444113.62 -440512.61 11945.3 71.961246 66.490667
2532000 305.09031 -444146.19 -440513.07 11946.7 85.021356 67.052203
2533000 298.02429 -444062.16 -440513.18 11950.6 85.030098 67.580965
2534000 297.78547 -444057.84 -440511.71 11954.4 71.933962 67.705336
2535000 296.43097 -444042.25 -440512.25 11959.2 62.17143 67.551617
2536000 301.99472 -444108.91 -440512.65 11961 73.584791 67.714675
2537000 302.67949 -444116.72 -440512.31 11965.4 76.07633 67.934719
2538000 300.19623 -444088.06 -440513.22 11973.1 82.489689 68.307923
2539000 297.07785 -444050.12 -440512.42 11977.1 73.419333 68.435709
2540000 298.97179 -444073.25 -440512.99 11983.2 61.219799 68.259711
2541000 301.32626 -444101.91 -440513.61 11987.1 44.477535 67.693469
2542000 298.75111 -444070.81 -440513.18 11989.2 48.996669 67.258659
2543000 297.8461 -444059.06 -440512.21 11996.8 62.866007 67.158826
2544000 300.90498 -444096.16 -440512.88 12000.2 52.503316 66.833148
2545000 297.86048 -444060.41 -440513.38 12001.4 59.211238 66.667455
2546000 301.15572 -444099.34 -440513.08 12009.7 66.338668 66.660459
2547000 300.82185 -444095.78 -440513.49 12014.5 65.852055 66.643617
2548000 297.79644 -444059 -440512.74 12018.8 55.18011 66.409668
2549000 299.56549 -444079.88 -440512.55 12023.6 49.34135 66.068302
2550000 298.41942 -444066.72 -440513.04 12032.5 49.540366 65.744225
2551000 300.73243 -444094.69 -440513.46 12039.8 71.872237 65.862071
2552000 297.27976 -444052.88 -440512.77 12045.3 57.927245 65.712357
2553000 298.44592 -444065.88 -440511.88 12050.1 64.986843 65.698922
2554000 303.65777 -444129.22 -440513.16 12055.2 61.989821 65.631484
2555000 295.54692 -444031.97 -440512.5 12060.2 68.084721 65.675292
2556000 296.2341 -444039.91 -440512.25 12062.4 71.795235 65.782659
2557000 299.76499 -444082.41 -440512.7 12066.8 64.719936 65.764336
2558000 297.66056 -444056.75 -440512.11 12071.7 73.782583 65.900239
2559000 299.10195 -444074.22 -440512.41 12077.8 71.863582 65.999628
2560000 298.78158 -444072.34 -440514.35 12081.9 64.177126 65.969751
2561000 300.55625 -444091.81 -440512.69 12088.4 68.320909 66.007673
2562000 300.46641 -444090.53 -440512.48 12090.1 64.162556 65.978385
2563000 300.51614 -444091.69 -440513.04 12096.2 73.311787 66.092969
2564000 298.47957 -444067.16 -440512.76 12102.5 68.101143 66.123864
2565000 301.87864 -444107.78 -440512.91 12108 68.594886 66.161304
2566000 301.4206 -444101.31 -440511.89 12112.1 52.51591 65.957641
2567000 297.43124 -444054.59 -440512.68 12119.3 80.5401 66.172089
2568000 299.39472 -444078.53 -440513.24 12123.9 77.769561 66.340169
2569000 298.37276 -444065.19 -440512.06 12128.2 85.999684 66.621019
2570000 303.17523 -444123.53 -440513.22 12131.9 73.968661 66.724507
2571000 301.49224 -444104.16 -440513.89 12136.7 58.274159 66.607141
2572000 300.12837 -444087.41 -440513.38 12140.8 74.708906 66.718124
2573000 297.14973 -444052.09 -440513.53 12144.4 69.047926 66.749608
2574000 300.33849 -444089.09 -440512.56 12148.8 69.720036 66.789213
2575000 295.99695 -444037.59 -440512.76 12150.4 63.675084 66.748238
2576000 298.73963 -444070.78 -440513.29 12154.6 63.874149 66.710912
2577000 296.17871 -444039.81 -440512.82 12163.3 56.376035 66.578414
2578000 300.86421 -444096.09 -440513.3 12166.9 67.866696 66.594721
2579000 300.08687 -444086.38 -440512.84 12171.2 78.072055 66.738188
2580000 297.19442 -444051.34 -440512.25 12177 78.669698 66.88549
2581000 302.38767 -444114.09 -440513.16 12179 71.868713 66.946261
2582000 297.46036 -444054.53 -440512.27 12180.5 68.60947 66.9663
2583000 297.11503 -444050.72 -440512.57 12187.7 63.414593 66.924018
2584000 302.39563 -444114.91 -440513.88 12192.6 58.402105 66.82376
2585000 299.67533 -444081.28 -440512.65 12198.5 60.041829 66.7449
2586000 298.5978 -444069.53 -440513.73 12204.4 62.244426 66.693171
2587000 300.77438 -444095.44 -440513.72 12206.7 51.737621 66.523221
2588000 298.5379 -444068.19 -440513.1 12210.8 73.024562 66.59627
2589000 299.8211 -444083.19 -440512.82 12215.2 70.641675 66.641219
2590000 302.03754 -444109.75 -440512.99 12222.4 73.574049 66.717404
2591000 300.44242 -444090.59 -440512.82 12227.3 67.465092 66.725531
2592000 297.6689 -444056.72 -440511.98 12232.7 66.874267 66.72713
2593000 301.41304 -444102.28 -440512.95 12234.1 67.592146 66.736333
2594000 300.0182 -444086.22 -440513.5 12242.1 58.384968 66.648424
2595000 297.85471 -444059.59 -440512.64 12249.6 55.294794 66.530157
2596000 298.86228 -444071.19 -440512.23 12253.2 69.369726 66.559431
2597000 296.19808 -444038.66 -440511.43 12257.9 61.651723 66.509352
2598000 298.34488 -444065.47 -440512.68 12259.3 65.691074 66.501086
2599000 299.07491 -444074.78 -440513.3 12263.4 57.093993 66.407016
2600000 295.99047 -444037.06 -440512.31 12265.1 46.573793 66.210647
2601000 302.28826 -444112.69 -440512.94 12273.6 61.767772 66.167089
2602000 297.27082 -444052.56 -440512.56 12276 61.072249 66.117625
2603000 302.94617 -444120.62 -440513.04 12283.2 62.24904 66.080427
2604000 299.83034 -444083.22 -440512.74 12290.2 85.835084 66.268567
2605000 300.34462 -444088.53 -440511.93 12298.3 82.056834 66.417513
2606000 299.03862 -444073.91 -440512.85 12303.2 71.80964 66.467906
2607000 298.49457 -444067.75 -440513.18 12307.6 69.904329 66.499725
2608000 295.90622 -444037.06 -440513.31 12312 68.403875 66.517194
2609000 300.72047 -444093.78 -440512.7 12319.9 70.921806 66.557236
2610000 297.54223 -444056.22 -440512.99 12327.5 88.215934 66.75236
2611000 299.06919 -444074.97 -440513.55 12331.2 83.271353 66.899851
2612000 297.24541 -444052.94 -440513.24 12335.7 84.360464 67.054369
2613000 296.46896 -444043.62 -440513.17 12343.5 81.837962 67.18405
2614000 299.70591 -444081.78 -440512.78 12347.7 73.647095 67.24025
2615000 297.34337 -444054.56 -440513.7 12354.8 73.39981 67.29335
2616000 298.23403 -444064.44 -440512.97 12356.6 67.190357 67.29247
2617000 299.36016 -444077.88 -440512.99 12358.2 85.727573 67.448699
2618000 299.03547 -444073.75 -440512.74 12363 88.699889 67.627281
2619000 301.60429 -444104.72 -440513.11 12369.4 68.313797 67.633002
2620000 293.10688 -444002.62 -440512.21 12375.8 87.329976 67.795787
2621000 299.77081 -444082.72 -440512.95 12379.4 79.945166 67.895372
2622000 295.6535 -444033.75 -440513.01 12383.3 74.290938 67.947368
2623000 297.89655 -444060.16 -440512.7 12385.5 67.907641 67.947048
2624000 300.66164 -444093.59 -440513.21 12389.7 62.174683 67.900869
2625000 297.32102 -444053.66 -440513.06 12392.9 63.998696 67.869899
2626000 299.0536 -444074.31 -440513.08 12399.7 58.624709 67.797103
2627000 302.66723 -444116.03 -440511.77 12403.8 42.247237 67.597494
2628000 301.38541 -444102.5 -440513.5 12411.1 55.287229 67.502066
2629000 296.78869 -444046.69 -440512.43 12418.5 55.973325 67.413383
2630000 302.20725 -444111.41 -440512.62 12423.4 62.053169 67.372465
2631000 299.55804 -444079.41 -440512.17 12428.1 54.321114 67.273592
2632000 301.04382 -444098.53 -440513.6 12431.9 67.229795 67.273262
2633000 296.44612 -444042.25 -440512.07 12438 68.602764 67.283184
2634000 297.93027 -444061.25 -440513.4 12442.6 60.181558 67.230579
2635000 297.74526 -444057.41 -440511.76 12446.8 52.881142 67.125069
2636000 300.00646 -444085.03 -440512.45 12448.6 68.729743 67.136782
2637000 300.4744 -444091.69 -440513.54 12452.2 58.080279 67.071155
2638000 303.53389 -444127.75 -440513.17 12453.9 54.113473 66.977934
2639000 299.22463 -444075.84 -440512.58 12455.9 50.468468 66.860009
2640000 301.3654 -444101.56 -440512.8 12460.3 71.610313 66.893699
2641000 304.44739 -444138.38 -440512.91 12467.8 72.080102 66.930223
2642000 300.81558 -444095.47 -440513.26 12472.2 66.546387 66.927539
2643000 303.84656 -444130.75 -440512.44 12476.7 68.133396 66.935913
2644000 297.37063 -444054.31 -440513.12 12483.4 69.49877 66.953588
2645000 300.13407 -444086.31 -440512.22 12488.2 78.112644 67.03002
2646000 300.08381 -444086.38 -440512.88 12494.4 60.924519 66.988486
2647000 301.96765 -444108.84 -440512.91 12501.6 50.596855 66.877732
2648000 301.12565 -444098.75 -440512.84 12507.3 55.021078 66.798157
2649000 305.16154 -444146.97 -440513 12511.8 62.373142 66.768657
2650000 298.13768 -444062.75 -440512.43 12513.6 60.373852 66.726307
2651000 294.4079 -444018.03 -440512.12 12517.8 56.209069 66.657115
2652000 301.71415 -444105.12 -440512.21 12524.8 47.605823 66.532597
2653000 300.91095 -444095.66 -440512.31 12534.4 51.20261 66.433051
2654000 307.65307 -444176.62 -440512.99 12539.9 67.033871 66.436927
2655000 301.36754 -444101.16 -440512.37 12541.5 68.589162 66.450724
2656000 301.76837 -444106.44 -440512.88 12545.6 66.57384 66.451508
2657000 300.16776 -444087.22 -440512.72 12553.4 76.585944 66.51565
2658000 305.03963 -444145.25 -440512.74 12555 76.097528 66.575913
2659000 296.44819 -444043.22 -440513.01 12560.7 68.59922 66.588559
2660000 296.06148 -444037.81 -440512.21 12567.8 75.796018 66.645748
2661000 301.00557 -444096.38 -440511.9 12572.1 92.609298 66.806017
2662000 303.76808 -444130.25 -440512.88 12573.7 70.783395 66.830418
2663000 302.19924 -444111.28 -440512.59 12581.7 73.034465 66.868248
2664000 297.98451 -444061.31 -440512.81 12585.7 63.535431 66.848049
2665000 298.36919 -444065.97 -440512.89 12591.1 70.946818 66.87274
2666000 298.23517 -444064.44 -440512.95 12596.8 60.578971 66.835053
2667000 293.11121 -444002.16 -440511.69 12602.7 62.821095 66.81116
2668000 301.4853 -444103.22 -440513.03 12604.7 73.135567 66.848583
2669000 303.21141 -444124 -440513.26 12606.7 70.873863 66.872261
2670000 298.90974 -444071.28 -440511.76 12608.5 78.887607 66.942526
2671000 299.84346 -444083.31 -440512.68 12612.5 68.154438 66.949572
2672000 303.00763 -444121.09 -440512.78 12614.2 67.512227 66.952824
2673000 296.62864 -444044.81 -440512.46 12621.5 55.944933 66.889561
2674000 297.64845 -444056.91 -440512.41 12630.3 55.510519 66.824538
2675000 297.76848 -444058.66 -440512.73 12635.2 45.902249 66.705661
2676000 297.0733 -444049.16 -440511.51 12641.7 38.812566 66.548073
2677000 303.02339 -444120.84 -440512.34 12647 44.950055 66.426736
2678000 297.06665 -444049.88 -440512.31 12648.7 46.304168 66.314319
2679000 301.57233 -444102.84 -440511.62 12655.8 54.52684 66.248833
2680000 297.47443 -444054.44 -440512.01 12661.9 71.157673 66.275954
2681000 298.36718 -444064.84 -440511.79 12666.7 69.113069 66.291542
2682000 301.61856 -444103.47 -440511.69 12674.4 73.319797 66.329948
2683000 300.41014 -444089.91 -440512.52 12676.9 61.209792 66.302121
2684000 298.92948 -444072.19 -440512.43 12680.9 58.56161 66.260281
2685000 300.28132 -444087.91 -440512.06 12684.5 65.994553 66.258852
2686000 300.32979 -444088.53 -440512.1 12689.9 64.413476 66.248984
2687000 300.84456 -444094.97 -440512.41 12698.7 59.625839 66.213754
2688000 299.79591 -444082.72 -440512.65 12700.6 70.550218 66.236698
2689000 302.215 -444111.53 -440512.65 12705.5 52.074099 66.162158
2690000 304.7338 -444141.5 -440512.63 12712.8 56.877272 66.113546
2691000 298.98679 -444072.16 -440511.72 12715 58.080792 66.071709
2692000 298.90974 -444072.31 -440512.79 12719.4 52.783114 66.002856
2693000 298.158 -444063.19 -440512.62 12723.9 46.291497 65.901251
2694000 303.16635 -444123.16 -440512.95 12730.1 55.58799 65.848363
2695000 299.48369 -444078.06 -440511.71 12731.9 50.877538 65.771981
2696000 297.53888 -444056.12 -440512.93 12736.6 58.319315 65.73415
2697000 298.73466 -444070.38 -440512.94 12743.4 43.928548 65.624021
2698000 297.8786 -444059.31 -440512.07 12748.1 40.269426 65.496611
2699000 297.36861 -444053.47 -440512.3 12749.7 52.666886 65.432462
2700000 301.87325 -444107.88 -440513.07 12753.9 58.609155 65.398516
2701000 298.04976 -444062.31 -440513.04 12759.6 72.207047 65.432221
2702000 299.22769 -444075.34 -440512.04 12766.9 62.515897 65.417855
2703000 303.60218 -444127.94 -440512.54 12769 53.751863 65.360669
2704000 295.75804 -444034.03 -440512.05 12775.3 54.466343 65.307526
2705000 297.98553 -444060.94 -440512.43 12782.6 44.348326 65.205782
2706000 301.15301 -444099.06 -440512.83 12790.2 56.80374 65.165192
2707000 301.19612 -444099.31 -440512.57 12797.1 59.482455 65.137872
2708000 298.93136 -444072.16 -440512.38 12802.4 56.438483 65.096248
2709000 301.78991 -444106.75 -440512.93 12808.9 64.990559 65.095744
2710000 302.22006 -444112.16 -440513.22 12813.3 74.007516 65.13798
2711000 298.69392 -444069.62 -440512.68 12819.4 73.57222 65.177764
2712000 299.24995 -444076.09 -440512.52 12824.2 74.399227 65.221058
2713000 298.5779 -444067.81 -440512.25 12826 75.792822 65.270459
2714000 300.06169 -444085.56 -440512.33 12827.6 72.870194 65.305806
2715000 297.92379 -444059.91 -440512.13 12831.3 76.691179 65.358516
2716000 299.51445 -444079.91 -440513.19 12835.1 69.670435 65.378387
2717000 302.57365 -444115.78 -440512.63 12839.1 67.666421 65.388882
2718000 301.24429 -444099.53 -440512.21 12840.6 64.610601 65.385329
2719000 303.48421 -444127.81 -440513.82 12842.5 57.396163 65.349014
2720000 303.23609 -444125.22 -440514.18 12844.6 55.330986 65.303684
2721000 300.46583 -444090.56 -440512.51 12850.1 51.793897 65.242829
2722000 300.42699 -444089.59 -440512.01 12854.5 73.275804 65.278851
2723000 296.88747 -444048.22 -440512.78 12856.4 57.903866 65.245927
2724000 302.91689 -444119.88 -440512.64 12864.1 56.674196 65.207831
2725000 302.99953 -444121.22 -440513 12867.7 68.313837 65.221574
2726000 303.28331 -444124.38 -440512.78 12872.8 68.971631 65.238094
2727000 300.39852 -444089.88 -440512.63 12880.9 72.970343 65.272007
2728000 299.03233 -444073.47 -440512.49 12885.8 73.607365 65.308406
2729000 298.52809 -444067.09 -440512.12 12890.4 71.339718 65.334629
2730000 298.32687 -444065.44 -440512.86 12894.4 89.79367 65.440513
2731000 296.77791 -444047.12 -440512.99 12896 84.476796 65.522566
2732000 302.25153 -444112.38 -440513.06 12904.2 79.213951 65.581327
2733000 298.54384 -444067.53 -440512.37 12905.8 78.989762 65.638628
2734000 297.07127 -444049.69 -440512.06 12912.7 72.338502 65.667138
2735000 302.43064 -444114.28 -440512.84 12914.5 70.703732 65.68848
2736000 300.09601 -444086.69 -440513.04 12918.9 89.692575 65.789763
2737000 297.78882 -444058.19 -440512.02 12924.9 78.060324 65.84132
2738000 298.40786 -444064.97 -440511.43 12929.4 73.099495 65.871689
2739000 299.1929 -444075.56 -440512.67 12931 75.403546 65.911405
2740000 297.85425 -444059.34 -440512.4 12935.7 70.235212 65.929346
2741000 302.54789 -444116 -440513.16 12937.6 61.440788 65.910798
2742000 300.48508 -444090.72 -440512.44 12942.8 51.099955 65.849848
2743000 305.5427 -444151.44 -440512.93 12947 60.529559 65.828044
2744000 299.37262 -444077.06 -440512.03 12948.4 59.749092 65.803231
2745000 300.25897 -444088.84 -440513.26 12950.6 63.69263 65.794652
2746000 299.4556 -444077.94 -440511.92 12952.7 65.085609 65.791781
2747000 297.86558 -444059.47 -440512.39 12956.8 42.673308 65.698562
2748000 300.32726 -444089.47 -440513.07 12964.8 44.905621 65.615056
2749000 297.90994 -444059.5 -440511.89 12972.4 57.50608 65.58262
2750000 301.67422 -444105.75 -440513.31 12976.4 65.611462 65.582735
2751000 296.929 -444049.16 -440513.23 12982.8 64.107898 65.576882
2752000 303.42927 -444125.91 -440512.57 12990.5 68.415213 65.588101
2753000 301.07136 -444097.78 -440512.52 12996.4 58.727068 65.561089
2754000 298.81517 -444070.88 -440512.48 12998.2 53.032141 65.511956
2755000 297.68375 -444057.41 -440512.49 13002.7 43.703443 65.426766
2756000 301.90833 -444107.5 -440512.27 13007.6 67.467682 65.434708
2757000 296.80656 -444046.72 -440512.25 13009.6 63.825582 65.428471
2758000 299.12179 -444075.16 -440513.11 13014.2 40.667468 65.332868
2759000 299.82221 -444082.31 -440511.93 13017.8 63.659369 65.326432
2760000 300.04508 -444085.75 -440512.71 13019.3 45.832856 65.251744
2761000 296.23969 -444040 -440512.28 13024.2 40.68778 65.157988
2762000 300.57341 -444092 -440512.67 13028.8 28.904799 65.020143
2763000 303.99629 -444132.47 -440512.38 13032.6 28.12386 64.880385
2764000 297.97403 -444060.34 -440511.97 13037.6 36.335723 64.772669
2765000 298.47825 -444066.53 -440512.15 13039.6 36.163514 64.665116
2766000 295.948 -444036.59 -440512.35 13044 44.71643 64.590402
2767000 308.29942 -444183.22 -440511.89 13045.9 39.260944 64.495889
2768000 295.3017 -444028.94 -440512.39 13051.6 52.082419 64.449742
2769000 296.14884 -444038.16 -440511.52 13056.3 43.057438 64.370511
2770000 301.66148 -444105.31 -440513.03 13058.5 37.251836 64.270442
2771000 299.40918 -444078.06 -440512.6 13065.6 47.218125 64.20775
2772000 301.99764 -444109.47 -440513.18 13067.8 48.170538 64.149006
2773000 299.71926 -444081.25 -440512.09 13072.4 57.643201 64.125262
2774000 298.64518 -444067.88 -440511.51 13076.7 57.238233 64.100218
2775000 294.78372 -444023 -440512.62 13081.9 70.518969 64.123474
2776000 299.30901 -444076.72 -440512.45 13087.4 54.408514 64.088402
2777000 301.38774 -444101.28 -440512.25 13089.9 21.171282 63.934024
2778000 296.84328 -444047.06 -440512.15 13096.7 43.43087 63.860536
2779000 298.4825 -444066.78 -440512.35 13098.2 56.773518 63.835226
2780000 297.61844 -444055.84 -440511.7 13103.6 55.378764 63.805131
2781000 299.46296 -444079.16 -440513.05 13108.6 55.821729 63.776821
2782000 300.24872 -444088.66 -440513.19 13113 60.641563 63.765743
2783000 297.19476 -444051.78 -440512.69 13117.6 61.157456 63.756559
2784000 296.05324 -444037.44 -440511.94 13119 68.794068 63.774234
2785000 304.95468 -444144.16 -440512.65 13121.2 44.395855 63.706478
2786000 294.29575 -444016.34 -440511.77 13125.6 43.45149 63.635903
2787000 301.5585 -444104.09 -440513.03 13132.8 54.436837 63.603961
2788000 302.27652 -444112.25 -440512.64 13138 54.070614 63.570974
2789000 302.81493 -444119.53 -440513.51 13142 53.716193 63.536992
2790000 299.53001 -444079.59 -440512.69 13147.6 63.820428 63.537966
2791000 301.72328 -444105.5 -440512.48 13150 61.347675 63.530465
2792000 295.25371 -444028.25 -440512.27 13151.4 56.982989 63.508119
2793000 303.72499 -444129.41 -440512.55 13158.5 58.759949 63.491969
2794000 297.73393 -444058.12 -440512.61 13163.4 46.925545 63.435811
2795000 300.03913 -444085.84 -440512.88 13168.4 75.837121 63.477707
2796000 295.68659 -444033.09 -440511.96 13170.2 74.312483 63.514188
2797000 299.76546 -444082.72 -440513.01 13176.9 84.352006 63.584114
2798000 296.4987 -444042.53 -440511.73 13178.9 74.847918 63.621785
2799000 300.22204 -444087.78 -440512.64 13184.4 78.552604 63.671555
2800000 296.88577 -444048.28 -440512.87 13192 68.490087 63.687563
2801000 296.92846 -444048.25 -440512.33 13196.4 55.06548 63.659013
2802000 301.23945 -444099.31 -440512.05 13200.6 66.790929 63.66935
2803000 296.65472 -444044.72 -440512.05 13202.2 64.63042 63.672511
2804000 291.04787 -443977.28 -440511.39 13203.9 58.453944 63.655401
2805000 298.76118 -444070.59 -440512.85 13209.2 74.453091 63.690688
2806000 301.23281 -444100.03 -440512.85 13215.5 50.019209 63.646155
2807000 302.25293 -444112.47 -440513.14 13219.2 75.706872 63.685313
2808000 298.70523 -444070.06 -440512.98 13223.3 55.310403 63.65821
2809000 300.68868 -444093.72 -440513.02 13232.8 51.995725 63.620589
2810000 297.61887 -444056.78 -440512.64 13237.3 76.249834 63.661198
2811000 299.45209 -444078.22 -440512.24 13239.1 69.725558 63.680635
2812000 301.09551 -444098.28 -440512.73 13241.3 68.681504 63.696612
2813000 299.47417 -444078.19 -440511.95 13243.5 72.968439 63.72614
2814000 295.83432 -444033.81 -440510.92 13247.8 71.180648 63.749805
2815000 297.20284 -444051.84 -440512.65 13255 71.429666 63.774108
2816000 302.53503 -444116.69 -440514 13257.5 70.614219 63.795686
2817000 301.12051 -444097.75 -440511.91 13265.8 57.864854 63.777036
2818000 300.36813 -444089.34 -440512.46 13267.2 68.480348 63.791779
2819000 297.47328 -444055.06 -440512.65 13275.4 74.775739 63.826104
2820000 296.20302 -444040.31 -440513.03 13277.4 90.615675 63.909561
2821000 298.74888 -444070.72 -440513.12 13286.7 81.306987 63.96359
2822000 298.39747 -444065.22 -440511.8 13290.7 70.563503 63.984023
2823000 302.74121 -444117.84 -440512.7 13295.9 66.332799 63.991273
2824000 299.45019 -444077.97 -440512.02 13300.5 70.672845 64.011831
2825000 293.80951 -444010.53 -440511.75 13305.1 74.380438 64.043637
2826000 307.51105 -444175.62 -440513.68 13309 59.035346 64.028321
2827000 298.13731 -444062.56 -440512.24 13315.9 60.607789 64.017893
2828000 301.17414 -444099.91 -440513.42 13321 68.883072 64.03268
2829000 299.80742 -444082.38 -440512.17 13323.7 57.681027 64.013433
2830000 297.31632 -444052.69 -440512.14 13330.5 77.096086 64.052958
2831000 304.62775 -444139.19 -440511.58 13332.8 70.983633 64.073833
2832000 297.60141 -444056.28 -440512.34 13336.3 64.857505 64.076187
2833000 304.33878 -444137.62 -440513.46 13343.2 65.686365 64.081007
2834000 301.44533 -444102.56 -440512.85 13347.1 73.38708 64.108787
2835000 297.20701 -444051.16 -440511.92 13351.6 81.483788 64.160498
2836000 302.64506 -444116.72 -440512.72 13356 82.009918 64.213464
2837000 303.41645 -444126.41 -440513.22 13361.8 74.01486 64.242462
2838000 297.60084 -444055.47 -440511.54 13363.5 71.487682 64.263834
2839000 297.23995 -444051.03 -440511.4 13365.3 78.983249 64.307127
2840000 296.67387 -444044.12 -440511.23 13371.8 68.337595 64.318946
2841000 300.0562 -444085.84 -440512.67 13378.6 85.816275 64.381804
2842000 303.85897 -444130.53 -440512.08 13380.5 94.19095 64.468711
2843000 301.36216 -444100.75 -440512.03 13385.7 71.214685 64.488321
2844000 299.37501 -444077.34 -440512.29 13392.5 72.313547 64.511003
2845000 289.95478 -443964.06 -440511.18 13396.8 66.895782 64.517896
2846000 302.68593 -444116.28 -440511.8 13402.5 54.944934 64.490308
2847000 304.25709 -444135.75 -440512.55 13406.8 57.606944 64.470528
2848000 298.30446 -444065 -440512.69 13411.1 62.835526 64.465843
2849000 296.54396 -444043.25 -440511.9 13417.3 55.273199 64.439579
2850000 299.63227 -444079.88 -440511.75 13422 57.684929 64.420335
2851000 300.15432 -444086.38 -440512.04 13423.5 53.626888 64.389671
2852000 295.58413 -444031.91 -440511.99 13432.2 60.850534 64.379645
2853000 301.21376 -444098.97 -440512.01 13440.6 78.265433 64.418871
2854000 298.52484 -444067.06 -440512.13 13446.4 79.520432 64.46141
2855000 297.89525 -444059.81 -440512.38 13448.3 76.046812 64.493954
2856000 299.89894 -444083.69 -440512.39 13455.5 85.990857 64.554169
2857000 295.97752 -444036.28 -440511.68 13457.7 55.983824 64.53023
2858000 296.26597 -444040.47 -440512.43 13462.3 56.663272 64.508316
2859000 299.04704 -444072.97 -440511.82 13466.8 66.285434 64.513252
2860000 298.93831 -444071.84 -440511.99 13471.3 51.37054 64.476846
2861000 302.65222 -444116.88 -440512.79 13477.8 64.529032 64.47699
2862000 297.72775 -444057.97 -440512.53 13481.8 63.111763 64.473229
2863000 292.71732 -443997.28 -440511.5 13485.8 65.953072 64.477295
2864000 300.1158 -444086.41 -440512.53 13488.9 71.388377 64.496229
2865000 298.10977 -444062 -440512.01 13494.5 82.544812 64.545542
2866000 296.05883 -444037.31 -440511.74 13499.3 84.722063 64.600519
2867000 297.82681 -444057.97 -440511.35 13503.3 66.181714 64.604816
2868000 299.70598 -444081.16 -440512.16 13505.2 73.35567 64.628531
2869000 303.14193 -444122.22 -440512.3 13512.3 63.206313 64.624687
2870000 301.02415 -444096.84 -440512.15 13517.4 82.348934 64.672461
2871000 295.99584 -444037.22 -440512.4 13521.4 96.480546 64.757967
2872000 301.62745 -444103.38 -440511.49 13525.2 92.373532 64.832003
2873000 297.39535 -444053.56 -440512.08 13529.5 73.238971 64.854482
2874000 300.30581 -444087.66 -440511.51 13534.3 66.825913 64.859739
2875000 296.33251 -444040.56 -440511.74 13539.2 62.777981 64.854202
2876000 302.22187 -444111.25 -440512.29 13541 76.579051 64.885303
2877000 298.11336 -444062.69 -440512.65 13544.7 57.107674 64.864727
2878000 299.06448 -444073.44 -440512.08 13551.5 87.945869 64.925627
2879000 299.7455 -444081.44 -440511.97 13555 88.169513 64.986795
2880000 296.07527 -444037.53 -440511.77 13561.6 86.939677 65.044414
2881000 299.53695 -444079.41 -440512.42 13565.6 88.829985 65.10668
2882000 298.6987 -444068.47 -440511.46 13571.6 85.481581 65.159879
2883000 303.49309 -444126.16 -440512.06 13573.6 96.018982 65.240241
2884000 298.29454 -444064.44 -440512.25 13578.3 77.612388 65.272376
2885000 299.97187 -444084.62 -440512.46 13583 72.066218 65.289977
2886000 300.30061 -444088.72 -440512.64 13587.1 94.37411 65.36513
2887000 300.67608 -444092.47 -440511.92 13588.6 85.46114 65.416924
2888000 296.91743 -444047.38 -440511.58 13589.9 94.339071 65.491274
2889000 297.65571 -444056.41 -440511.82 13594.4 75.320137 65.516476
2890000 297.6003 -444056.34 -440512.42 13598.5 76.42315 65.54437
2891000 304.83524 -444142.06 -440511.98 13602.1 78.687253 65.577898
2892000 302.99157 -444120.31 -440512.19 13608.5 77.608742 65.608511
2893000 300.59991 -444092.56 -440512.92 13610 83.468391 65.65384
2894000 296.66527 -444044.72 -440511.93 13614.6 85.122653 65.703128
2895000 298.37924 -444065.56 -440512.36 13617 88.516482 65.760738
2896000 299.856 -444082.19 -440511.4 13620.6 90.889556 65.824035
2897000 298.10148 -444061.06 -440511.17 13628.8 81.12403 65.862477
2898000 298.51301 -444066.88 -440512.08 13635.8 78.470735 65.894076
2899000 300.35118 -444088.97 -440512.29 13640.4 79.618571 65.928388
2900000 296.44075 -444041.78 -440511.67 13644.5 98.800405 66.010363
2901000 295.67704 -444032.06 -440511.04 13649.3 71.446413 66.023885
2902000 294.74015 -444021.25 -440511.39 13653.7 90.34773 66.084242
2903000 296.61444 -444044.19 -440512 13657.9 93.567911 66.152271
2904000 300.269 -444087.34 -440511.64 13667.4 82.301559 66.192146
2905000 298.55489 -444066.72 -440511.43 13671.7 87.194997 66.243877
2906000 300.65364 -444092.09 -440511.81 13676.8 73.236122 66.261057
2907000 299.50199 -444078.5 -440511.93 13683.8 70.575492 66.271632
2908000 297.69345 -444057.31 -440512.28 13689 88.567864 66.326146
2909000 301.043 -444097.22 -440512.3 13694.2 88.814637 66.380996
2910000 300.89079 -444095.03 -440511.92 13702.4 82.31079 66.419754
2911000 298.6566 -444067.78 -440511.28 13706.8 68.18517 66.424039
2912000 298.88721 -444071.34 -440512.09 13708.8 73.854558 66.442031
2913000 298.05623 -444061.03 -440511.68 13713.5 65.996351 66.440954
2914000 296.31848 -444040.56 -440511.9 13720.3 92.39556 66.503496
2915000 299.48214 -444077.5 -440511.17 13724.3 84.218854 66.546081
2916000 301.51835 -444103.25 -440512.67 13728.2 95.933596 66.616554
2917000 302.40239 -444113 -440511.89 13735.6 88.288242 66.6684
2918000 299.19676 -444075.03 -440512.1 13737.1 81.429389 66.703629
2919000 297.66153 -444055.69 -440511.03 13741.9 75.889162 66.7255
2920000 298.7781 -444069.16 -440511.21 13748.3 72.389226 66.738953
2921000 298.5948 -444067.19 -440511.42 13758.7 71.453529 66.750125
2922000 301.34484 -444100.31 -440511.8 13762.9 78.312733 66.77746
2923000 297.98201 -444059.94 -440511.47 13766.4 82.795759 66.815239
2924000 296.5738 -444043.06 -440511.36 13770.7 85.505695 66.859216
2925000 297.33861 -444052.34 -440511.54 13775 94.768007 66.92473
2926000 305.29681 -444147.31 -440511.74 13777.3 82.3647 66.960889
2927000 293.33747 -444004.59 -440511.43 13778.9 79.278214 66.989668
2928000 302.97934 -444119.19 -440511.21 13780.9 64.697581 66.984325
2929000 298.48268 -444065.12 -440510.69 13788.1 70.121963 66.991622
2930000 298.94612 -444072 -440512.05 13794.8 84.802776 67.032947
2931000 299.56661 -444079.28 -440511.94 13799.5 72.134025 67.044755
2932000 301.22 -444099.12 -440512.1 13805.6 88.481331 67.094262
2933000 296.25105 -444039.12 -440511.27 13810.6 84.011042 67.133241
2934000 296.51501 -444041.28 -440510.28 13815.3 84.058554 67.172149
2935000 300.38586 -444089.19 -440512.09 13820.1 72.839773 67.185149
2936000 300.56865 -444090.16 -440510.88 13827.9 66.094048 67.182652
2937000 297.77576 -444057.06 -440511.05 13831.5 68.886512 67.186542
2938000 304.13588 -444133.56 -440511.81 13839.6 78.867334 67.21315
2939000 295.04073 -444024.53 -440511.09 13845.7 77.715137 67.237018
2940000 299.72758 -444080.53 -440511.27 13849.4 68.590325 67.240087
2941000 297.896 -444058.75 -440511.3 13853.5 67.951328 67.241696
2942000 299.60278 -444079.88 -440512.1 13855.1 63.120328 67.232392
2943000 301.99871 -444107.56 -440511.26 13863.1 79.065914 67.259044
2944000 300.03912 -444084.53 -440511.56 13867.6 81.610359 67.291295
2945000 303.52261 -444126.16 -440511.71 13875.8 77.674237 67.314575
2946000 296.72543 -444044 -440510.49 13877.7 85.110375 67.354386
2947000 304.74956 -444141.03 -440511.97 13881.7 74.305108 67.369901
2948000 301.14464 -444098.06 -440511.93 13890.2 77.437059 67.392323
2949000 304.78214 -444141.62 -440512.18 13892.3 83.50338 67.428125
2950000 300.69664 -444092.34 -440511.55 13897.1 86.576153 67.470582
2951000 301.97119 -444107.78 -440511.81 13899.1 73.262779 67.483396
2952000 300.22487 -444086.53 -440511.35 13906.4 74.455833 67.498788
2953000 299.34499 -444075.94 -440511.24 13910.6 61.30409 67.485143
2954000 297.22432 -444050.56 -440511.12 13912.4 58.940577 67.466364
2955000 301.81618 -444105.66 -440511.53 13919.6 62.839921 67.456218
2956000 302.12272 -444109.38 -440511.6 13927.5 58.744938 67.437157
2957000 299.61053 -444078.69 -440510.82 13931.5 61.454523 67.424094
2958000 299.50494 -444078.38 -440511.77 13933.1 75.074524 67.440762
2959000 299.73453 -444079.69 -440510.35 13936.7 68.648419 67.443387
2960000 301.31047 -444100.03 -440511.92 13943.4 61.020374 67.429454
2961000 301.52163 -444101.84 -440511.22 13950.9 57.202287 67.407317
2962000 296.15765 -444037.75 -440511.01 13960.6 46.515686 67.362195
2963000 297.4692 -444053.81 -440511.45 13962.7 60.939142 67.348352
2964000 299.19854 -444074.53 -440511.57 13967.5 58.431249 67.329176
2965000 302.50516 -444113.28 -440510.95 13974.7 75.336407 67.346359
2966000 300.28684 -444088.06 -440512.15 13978.7 48.760969 67.306561
2967000 301.48767 -444101.59 -440511.38 13980.9 45.131374 67.259178
2968000 303.90933 -444130.53 -440511.48 13987.8 53.338658 67.229497
2969000 297.28667 -444051.88 -440511.69 13989.9 67.825539 67.230765
2970000 302.27711 -444110.72 -440511.1 13995.3 53.807143 67.202265
2971000 299.87643 -444082.38 -440511.35 14001.9 42.370719 67.149656
2972000 294.8653 -444022.53 -440511.18 14003.7 42.532016 67.09761
2973000 300.19183 -444086.75 -440511.96 14005.4 59.453407 67.081483
2974000 299.98002 -444083.34 -440511.08 14007.1 57.822674 67.061991
2975000 304.67599 -444139.12 -440510.94 14011.2 68.601986 67.065226
2976000 301.61858 -444103.41 -440511.63 14018.3 45.766066 67.020574
2977000 299.90329 -444082.53 -440511.18 14023.7 46.340106 66.977309
2978000 302.47416 -444113.25 -440511.29 14028.2 63.267308 66.969564
2979000 301.16781 -444097.53 -440511.12 14032.5 59.924645 66.954887
2980000 300.07912 -444084.03 -440510.59 14036.8 58.016484 66.936304
2981000 300.83949 -444093.84 -440511.35 14043.9 68.427168 66.939397
2982000 299.87011 -444081.56 -440510.61 14048.2 72.289829 66.950475
2983000 297.30032 -444051.06 -440510.71 14049.4 65.687856 66.947866
2984000 299.82476 -444081.44 -440511.02 14053.1 58.684314 66.930828
2985000 296.93814 -444046.5 -440510.46 14057.3 73.963338 66.945298
2986000 304.00495 -444130.97 -440510.78 14063.4 68.419591 66.948325
2987000 301.25552 -444098.25 -440510.8 14066.9 86.589058 66.988573
2988000 298.42067 -444064.75 -440511.06 14068.9 68.786365 66.992249
2989000 301.27148 -444098.75 -440511.11 14070.5 85.747612 67.030525
2990000 302.33432 -444111.28 -440510.98 14074.7 85.528268 67.068199
2991000 299.91553 -444082 -440510.51 14077.3 72.890338 67.080032
2992000 302.80936 -444117 -440511.04 14082 81.292598 67.108861
2993000 303.24328 -444122.94 -440511.81 14083.7 83.380963 67.141801
2994000 298.01027 -444059.88 -440511.07 14085.3 58.806404 67.124961
2995000 300.79534 -444093.16 -440511.18 14091.9 63.960801 67.118582
2996000 298.73722 -444069.19 -440511.72 14096.2 64.413661 67.11314
2997000 304.3092 -444134.91 -440511.09 14100.7 71.491471 67.121931
2998000 298.76022 -444068.88 -440511.14 14104.9 72.424901 67.132559
2999000 301.86769 -444105.44 -440510.7 14107.2 64.204713 67.126703
3000000 302.33875 -444111.94 -440511.59 14110.9 84.471565 67.161323
3001000 301.56495 -444101.94 -440510.8 14115.1 83.972466 41.986233
3002000 293.59151 -444006.53 -440510.34 14120.3 75.649172 53.207213
3003000 298.8043 -444069.62 -440511.36 14123.8 54.731114 53.588188
3004000 302.19802 -444109.81 -440511.14 14125.6 66.211973 56.112945
3005000 304.53901 -444139.09 -440512.54 14129.8 78.084468 59.774866
3006000 303.3222 -444124.19 -440512.12 14134.6 80.146216 62.685059
3007000 296.8968 -444046.66 -440511.11 14139 73.665152 64.05757
3008000 299.37311 -444075.91 -440510.87 14144 78.029659 65.610025
3009000 300.27394 -444086.84 -440511.08 14146.1 70.935549 66.142577
3010000 298.67958 -444068.28 -440511.5 14151.3 85.37642 67.891108
3011000 298.77956 -444068.84 -440510.88 14156.3 68.859745 67.971828
3012000 300.62043 -444090.38 -440510.49 14165.1 57.345341 67.154406
3013000 297.15164 -444049.59 -440511.01 14170.9 55.148663 66.296853
3014000 306.07724 -444157.34 -440512.47 14176.7 66.782992 66.329262
3015000 299.55691 -444078.56 -440511.34 14178.7 55.101611 65.627534
3016000 295.37864 -444027.72 -440510.25 14180.5 58.91969 65.232955
3017000 297.05326 -444048.19 -440510.78 14182.4 50.491368 64.413978
3018000 299.8667 -444082.28 -440511.37 14186.8 61.627063 64.267298
3019000 301.95888 -444106.91 -440511.08 14194.7 54.432806 63.775573
3020000 299.89176 -444081.91 -440510.69 14197 50.424489 63.139808
3021000 304.78609 -444140.78 -440511.29 14201.6 41.067317 62.136512
3022000 303.77119 -444128.38 -440510.97 14205.7 46.406352 61.452592
3023000 296.19211 -444038.44 -440511.28 14211.4 40.787014 60.591527
3024000 300.7074 -444092.47 -440511.54 14212.7 49.881711 60.163134
3025000 300.80197 -444093.19 -440511.14 14217.6 54.058951 59.928358
3026000 297.67057 -444056.72 -440511.96 14220.1 57.576941 59.841268
3027000 300.37127 -444087.88 -440510.95 14224.3 50.196662 59.496818
3028000 303.37632 -444124.12 -440511.42 14231.4 53.390549 59.286257
3029000 296.41253 -444040.81 -440511.03 14236.4 47.500466 58.893397
3030000 294.53566 -444018.62 -440511.2 14242.6 56.89785 58.829025
3031000 297.94911 -444059.75 -440511.67 14243.9 62.98521 58.958906
3032000 304.71939 -444139.88 -440511.17 14252.2 49.180571 58.662592
3033000 301.31721 -444099.88 -440511.69 14256.4 50.869637 58.433388
3034000 297.0725 -444047.97 -440510.33 14260.5 52.631703 58.267625
3035000 294.68617 -444019.53 -440510.31 14265.8 48.712722 58.002211
3036000 297.91607 -444058.16 -440510.47 14271.4 40.715476 57.535002
3037000 303.11746 -444121.12 -440511.5 14275.5 33.58566 56.904757
3038000 299.373 -444076.06 -440511.03 14279.5 45.701354 56.61749
3039000 295.69722 -444031.31 -440510.05 14286.4 61.438791 56.738022
3040000 299.96009 -444082.66 -440510.63 14293.5 69.349388 57.045617
3041000 299.19798 -444074.41 -440511.46 14297.3 68.616407 57.321112
3042000 296.98937 -444047.44 -440510.79 14301.1 66.734139 57.540019
3043000 298.63111 -444067.19 -440510.99 14306.4 67.250083 57.760703
3044000 302.56514 -444114.66 -440511.61 14310.7 58.176707 57.769947
3045000 303.38456 -444124.34 -440511.54 14315.9 70.664541 58.050264
3046000 296.77988 -444044.53 -440510.38 14323.9 70.920249 58.324094
3047000 298.51201 -444066.09 -440511.31 14332 87.638615 58.934813
3048000 297.09597 -444048.84 -440510.93 14333.8 81.929859 59.4041
3049000 297.99137 -444059.53 -440510.95 14335.3 82.408235 59.864182
3050000 297.40308 -444052.03 -440510.46 14338.8 82.537719 60.308761
3051000 295.76831 -444032.47 -440510.36 14343.2 57.158889 60.248187
3052000 302.24391 -444110.62 -440511.4 14347.2 49.610475 60.047475
3053000 297.8437 -444057.88 -440511.05 14352.5 48.021303 59.824769
3054000 296.1489 -444038.25 -440511.61 14356.3 50.647463 59.657908
3055000 296.96958 -444046.97 -440510.56 14363 67.016153 59.789306
3056000 302.21845 -444110.47 -440511.55 14368.9 66.946305 59.914867
3057000 302.06836 -444108.09 -440510.96 14373.1 56.739265 59.860115
3058000 296.17917 -444037.28 -440510.28 14380.5 51.608719 59.720261
3059000 300.34845 -444087.56 -440510.91 14387 65.825008 59.822007
3060000 302.54441 -444113.84 -440511.04 14391.4 86.987276 60.267339
3061000 300.64793 -444091.47 -440511.25 14395.6 84.619925 60.660123
3062000 299.01907 -444071.59 -440510.77 14400.1 75.466918 60.895151
3063000 297.67536 -444056.16 -440511.34 14404.2 74.886592 61.113768
3064000 296.94865 -444047.41 -440511.24 14412.3 68.305625 61.224412
3065000 301.07263 -444096.69 -440511.41 14419.5 68.409605 61.333278
3066000 298.04292 -444060.94 -440511.74 14424 52.721053 61.204737
3067000 299.15984 -444072.91 -440510.41 14429.4 65.058771 61.261414
3068000 296.90286 -444046.78 -440511.16 14436.2 76.114897 61.476682
3069000 299.69832 -444081.25 -440512.34 14440.2 79.299517 61.731294
3070000 301.98432 -444107.25 -440511.12 14442.9 68.694664 61.82937
3071000 295.62056 -444030.97 -440510.62 14447.5 73.43929 61.990619
3072000 303.22247 -444122.12 -440511.25 14452.1 76.757043 62.192899
3073000 304.26338 -444134.81 -440511.54 14454.3 65.360122 62.235699
3074000 303.65877 -444127.31 -440511.24 14461.8 74.958205 62.405332
3075000 302.53072 -444114.09 -440511.46 14465.9 85.006978 62.702722
3076000 301.30481 -444099 -440510.96 14468.1 81.017567 62.940577
3077000 298.62662 -444066.56 -440510.42 14475.1 90.019283 63.28774
3078000 295.81253 -444033.88 -440511.24 14480.7 83.657572 63.545586
3079000 297.45772 -444053.5 -440511.27 14485.3 73.593557 63.671186
3080000 301.35841 -444100.09 -440511.42 14493.2 83.159438 63.911782
3081000 298.47496 -444064.78 -440510.44 14495 90.061785 64.230684
3082000 299.29705 -444074.38 -440510.25 14499.1 80.771159 64.429967
3083000 294.5214 -444017.12 -440509.87 14506.3 76.575902 64.574561
3084000 295.28637 -444026.59 -440510.22 14508.6 83.109026 64.792614
3085000 300.11427 -444085.12 -440511.26 14512.8 80.663334 64.977157
3086000 293.93222 -444010.97 -440510.73 14515 75.604347 65.099309
3087000 299.09005 -444072.31 -440510.65 14523 74.605677 65.207336
3088000 302.40529 -444112.41 -440511.26 14530.4 88.043869 65.463926
3089000 297.52986 -444053.66 -440510.57 14534.5 86.051591 65.692678
3090000 301.01901 -444095.09 -440510.46 14538.8 92.554792 65.987866
3091000 303.56044 -444126.16 -440511.26 14545.9 87.138616 66.217765
3092000 299.64081 -444078.69 -440510.46 14551.4 91.101817 66.485336
3093000 302.01464 -444106.97 -440510.48 14555.5 99.136747 66.832691
3094000 298.79751 -444068.88 -440510.69 14557 73.446659 66.902312
3095000 296.02076 -444035.28 -440510.17 14558.8 89.697953 67.139767
3096000 300.10328 -444085.06 -440511.33 14562 81.583293 67.288669
3097000 303.25007 -444121.88 -440510.67 14569.4 98.675049 67.608938
3098000 297.02703 -444047.56 -440510.46 14571.6 86.47813 67.799536
3099000 300.37782 -444087.41 -440510.41 14578.2 69.144134 67.812982
3100000 302.38039 -444111.5 -440510.65 14582.5 78.490159 67.918697
3101000 302.49255 -444113.56 -440511.38 14588.3 76.256048 68.000435
3102000 297.89602 -444059.16 -440511.71 14595.3 81.100191 68.127617
3103000 299.71321 -444079.41 -440510.32 14603.1 89.722508 68.335261
3104000 297.41539 -444052.69 -440510.97 14607.4 79.900342 68.445404
3105000 300.4039 -444088.31 -440511 14612.9 72.505988 68.483712
3106000 300.44519 -444088.72 -440510.92 14616.9 96.939876 68.749657
3107000 301.9547 -444106.06 -440510.28 14621.9 84.471591 68.895231
3108000 295.28361 -444026.84 -440510.51 14626.7 66.322705 68.871629
3109000 301.01998 -444095.5 -440510.85 14631.1 65.093567 68.837283
3110000 296.03455 -444036.25 -440510.97 14638 76.71832 68.908284
3111000 302.40897 -444112.16 -440510.97 14646.1 82.574667 69.030305
3112000 299.79635 -444080.88 -440510.8 14647.9 78.752148 69.116339
3113000 301.9799 -444106.75 -440510.67 14652.2 71.847692 69.140298
3114000 296.36066 -444039.84 -440510.68 14657.3 84.973238 69.277976
3115000 298.72567 -444069.28 -440511.96 14661.2 81.661895 69.384734
3116000 300.31651 -444088.38 -440512.11 14669.8 86.153132 69.528054
3117000 301.42755 -444100.59 -440511.09 14678.1 73.015595 69.557609
3118000 300.58533 -444090.94 -440511.47 14685.4 79.973483 69.645137
3119000 302.32835 -444111 -440510.77 14691.2 78.747476 69.72099
3120000 299.97098 -444083.22 -440511.06 14693 73.133849 69.749196
3121000 298.53543 -444065.56 -440510.5 14700.2 70.498086 69.755334
3122000 300.2251 -444086.62 -440511.44 14705.9 53.816079 69.625747
3123000 302.75275 -444115.72 -440510.44 14714.1 65.340328 69.591187
3124000 295.76198 -444032.38 -440510.34 14717.8 79.551406 69.670869
3125000 293.85624 -444010.72 -440511.38 14721.5 83.703924 69.782242
3126000 296.15643 -444037.75 -440511.02 14723.3 77.847476 69.845748
3127000 298.4794 -444065 -440510.61 14727.8 79.457605 69.92084
3128000 299.01615 -444071.06 -440510.28 14729.5 86.83092 70.051926
3129000 304.77561 -444140.91 -440511.54 14736.7 70.96004 70.058912
3130000 298.3866 -444063.16 -440509.87 14740.6 73.431522 70.084657
3131000 299.20513 -444073.62 -440510.59 14745.7 69.39346 70.079421
3132000 297.00308 -444047.06 -440510.25 14751.1 77.053381 70.131856
3133000 298.19239 -444061.25 -440510.27 14755.6 75.66557 70.173153
3134000 301.56131 -444101.25 -440510.16 14757.8 50.413214 70.026783
3135000 301.82456 -444105.59 -440511.37 14764 37.920031 69.790704
3136000 298.6926 -444067.59 -440510.66 14768.8 59.170063 69.713181
3137000 300.49883 -444088.72 -440510.28 14773.9 59.188919 69.636918
3138000 298.9283 -444069.75 -440510.01 14778.1 68.75224 69.630553
3139000 300.50662 -444089.69 -440511.15 14782.3 59.50242 69.55821
3140000 299.79313 -444079.66 -440509.62 14787.3 69.758779 69.559632
3141000 298.44366 -444064.28 -440510.31 14793.2 78.296684 69.621161
3142000 304.75755 -444140.47 -440511.31 14796.6 80.980509 69.700597
3143000 301.48732 -444100.53 -440510.32 14801.9 58.843461 69.6252
3144000 298.28317 -444063.09 -440511.04 14808.8 81.924514 69.710023
3145000 298.39025 -444064.12 -440510.79 14815.9 70.680172 69.716668
3146000 302.46343 -444111.53 -440509.7 14823.2 79.244668 69.781484
3147000 300.06001 -444083.47 -440510.25 14824.7 79.119659 69.84458
3148000 296.56613 -444042.44 -440510.83 14829.3 79.575302 69.909887
3149000 302.59098 -444114.72 -440511.36 14833.5 76.403379 69.953177
3150000 297.68691 -444055.47 -440510.51 14840.7 71.96677 69.966512
3151000 300.9483 -444094.53 -440510.74 14844.8 74.417418 69.995794
3152000 297.61082 -444054.09 -440510.04 14849.3 87.704552 70.111537
3153000 302.35355 -444111.28 -440510.75 14853.9 74.296518 70.138713
3154000 301.0574 -444095.88 -440510.78 14855.2 89.592509 70.264221
3155000 303.65803 -444126.94 -440510.88 14859.2 70.446676 70.265391
3156000 299.46295 -444076.12 -440510.02 14866.1 73.12037 70.283575
3157000 294.9253 -444022.22 -440510.15 14870.4 71.360306 70.29039
3158000 300.00756 -444082.47 -440509.88 14878.5 90.290177 70.416175
3159000 300.32353 -444086.81 -440510.46 14883.1 81.72324 70.486844
3160000 305.95325 -444155.19 -440511.79 14885.4 83.474646 70.567513
3161000 297.69067 -444054.72 -440509.72 14891.9 76.437152 70.603746
3162000 301.05731 -444095.56 -440510.47 14893.7 76.497407 70.639903
3163000 301.70074 -444103.09 -440510.34 14899.5 81.14618 70.703966
3164000 299.5789 -444078 -440510.51 14902.9 87.131025 70.803524
3165000 300.01139 -444083.34 -440510.71 14907.8 85.274321 70.890697
3166000 307.45519 -444171.84 -440510.56 14911.7 100.84149 71.070043
3167000 293.73965 -444007.69 -440509.74 14915.7 91.395035 71.191025
3168000 297.77973 -444056.06 -440510 14920.2 85.515673 71.275787
3169000 297.267 -444050.22 -440510.26 14923 70.190627 71.269403
3170000 298.32906 -444062.66 -440510.05 14927 61.747991 71.213723
3171000 302.191 -444109.72 -440511.13 14928.7 55.166583 71.120425
3172000 299.83903 -444080.91 -440510.32 14935.5 63.846941 71.078382
3173000 294.88502 -444020.72 -440509.13 14937.4 64.792968 71.042259
3174000 298.404 -444063.66 -440510.16 14943.5 66.729691 71.017616
3175000 300.15423 -444084.72 -440510.38 14950.4 77.363409 71.053671
3176000 301.8056 -444104.56 -440510.56 14952.3 68.29308 71.038075
3177000 299.19538 -444073.06 -440510.14 14957.3 71.983357 71.043385
3178000 296.15403 -444036.78 -440510.08 14959.5 78.779441 71.086604
3179000 300.31218 -444086.25 -440510.03 14962 88.620491 71.184014
3180000 296.43556 -444040.34 -440510.29 14968 64.006851 71.144361
3181000 295.02925 -444023.56 -440510.25 14975.2 76.223109 71.172266
3182000 300.00736 -444083 -440510.41 14980.5 64.513206 71.135878
3183000 299.52217 -444076.62 -440509.81 14988.2 62.268038 71.087683
3184000 301.65411 -444102.53 -440510.33 14992.1 60.660088 71.031318
3185000 299.62595 -444078.53 -440510.48 14999.1 78.641137 71.072231
3186000 302.27763 -444110.16 -440510.53 15003.2 79.344694 71.116469
3187000 303.8393 -444128.81 -440510.59 15007.8 77.304105 71.149382
3188000 305.93856 -444153.44 -440510.22 15013.3 71.172677 71.149505
3189000 299.28321 -444074.53 -440510.57 15019 84.166903 71.218018
3190000 299.6268 -444077.28 -440509.22 15020.5 87.70087 71.304315
3191000 296.93666 -444045.69 -440509.67 15024.7 80.433744 71.351864
3192000 297.92161 -444058 -440510.25 15029.9 72.358396 71.35708
3193000 295.92941 -444033.81 -440509.79 15034.7 65.655944 71.327692
3194000 300.81553 -444092.88 -440510.66 15039.6 70.967001 71.325843
3195000 300.10182 -444083.75 -440510.04 15044.2 69.813132 71.318125
3196000 300.04792 -444083 -440509.93 15045.5 77.536907 71.349692
3197000 301.5223 -444100.69 -440510.06 15047.8 91.922249 71.453594
3198000 301.63512 -444102.16 -440510.18 15054.9 75.101021 71.471923
3199000 296.70413 -444043.56 -440510.31 15059.6 63.174079 71.430433
3200000 298.99792 -444070.78 -440510.21 15066.4 66.701816 71.406908
3201000 301.16327 -444096.19 -440509.83 15070.1 81.786922 71.458294
3202000 296.43469 -444039.34 -440509.3 15076 78.541853 71.493189
3203000 303.62044 -444125.84 -440510.23 15083.6 75.727572 71.513945
3204000 302.42726 -444112.28 -440510.88 15088.6 78.451485 71.547787
3205000 303.0011 -444118.41 -440510.17 15092.5 70.529632 71.542844
3206000 296.11114 -444036.22 -440510.03 15094.1 61.627379 71.494944
3207000 295.74394 -444031.72 -440509.9 15099.5 62.493585 71.451668
3208000 298.68302 -444066.69 -440509.87 15103.4 71.344571 71.451155
3209000 296.00576 -444034.59 -440509.66 15108.3 54.841629 71.372062
3210000 301.16295 -444096.94 -440510.59 15113.1 51.198593 71.276454
3211000 296.4875 -444040.03 -440509.36 15114.9 73.492008 71.286904
3212000 303.67293 -444126.62 -440510.39 15118.9 60.689824 71.237153
3213000 295.79071 -444032.34 -440509.97 15121 54.811812 71.160399
3214000 296.46862 -444039.81 -440509.36 15128.4 62.573183 71.120458
3215000 296.59058 -444041 -440509.1 15134.9 66.445999 71.098817
3216000 299.46803 -444075.78 -440509.62 15140.2 79.378887 71.136974
3217000 302.14271 -444108.03 -440510.01 15141.6 61.309866 71.091896
3218000 300.71538 -444090.94 -440509.92 15146 57.506059 71.02986
3219000 299.07471 -444071.94 -440510.46 15151.2 49.709282 70.932948
3220000 298.04835 -444058.59 -440509.33 15155.8 59.486468 70.881154
3221000 303.44012 -444122.88 -440509.41 15157.7 63.252216 70.84679
3222000 299.49925 -444075.47 -440508.93 15162.2 70.434889 70.844943
3223000 302.65414 -444115.06 -440510.96 15167.7 71.896552 70.849637
3224000 302.58227 -444113.69 -440510.44 15170 64.271187 70.8204
3225000 298.94401 -444069.84 -440509.92 15176.6 57.13618 70.75985
3226000 301.51745 -444099.97 -440509.4 15178.3 64.991113 70.734437
3227000 304.71145 -444138.66 -440510.05 15186.6 67.995535 70.722424
3228000 298.2379 -444061.81 -440510.3 15188.2 59.896391 70.675149
3229000 301.52145 -444101.16 -440510.54 15191.8 62.67182 70.640352
3230000 298.55767 -444065.44 -440510.11 15196.2 57.922812 70.585298
3231000 300.20272 -444085.22 -440510.3 15200 56.456452 70.524398
3232000 304.43575 -444136.34 -440511.02 15204.6 67.817824 70.512781
3233000 300.8386 -444092.16 -440509.67 15212 55.975769 70.450657
3234000 297.93946 -444057.34 -440509.38 15219.1 48.161124 70.355808
3235000 300.43201 -444087.06 -440509.42 15224.4 58.677579 70.306324
3236000 298.37671 -444062.81 -440509.64 15228.2 66.966039 70.29223
3237000 298.21474 -444060.53 -440509.29 15233.2 78.548611 70.326921
3238000 304.09721 -444130.78 -440509.49 15237.7 70.573186 70.327951
3239000 303.68212 -444126.03 -440509.68 15243.9 83.24258 70.381762
3240000 298.82091 -444068.53 -440510.07 15246.5 55.393014 70.319568
3241000 301.39844 -444100.28 -440511.13 15248.3 63.560059 70.291637
3242000 301.61574 -444101.66 -440509.91 15255.6 61.632515 70.256002
3243000 292.83434 -443997 -440509.83 15257.3 67.793872 70.245912
3244000 300.6509 -444091.34 -440511.09 15265.3 61.684648 70.210968
3245000 298.85157 -444069.62 -440510.8 15268.9 77.365645 70.240052
3246000 293.55412 -444004.5 -440508.76 15273.3 70.347104 70.240485
3247000 298.38898 -444063.44 -440510.12 15278.3 64.772584 70.218437
3248000 303.0486 -444118.59 -440509.79 15285.6 65.267585 70.198554
3249000 295.24271 -444025.75 -440509.9 15287 71.612268 70.204209
3250000 298.44492 -444064.44 -440510.46 15291.3 78.14741 70.235855
3251000 300.52426 -444088.91 -440510.16 15292.7 68.032075 70.22711
3252000 300.99992 -444094.25 -440509.84 15298.7 64.030358 70.202617
3253000 299.31924 -444075.09 -440510.7 15300.7 71.835029 70.209044
3254000 299.77037 -444080.09 -440510.33 15308.4 63.040553 70.180932
3255000 300.73188 -444091.41 -440510.19 15315.8 61.394807 70.146611
3256000 296.83706 -444044.88 -440510.04 15320 53.08126 70.080209
3257000 302.25315 -444108.91 -440509.57 15321.2 56.023856 70.025727
3258000 296.43386 -444039.69 -440509.65 15327.9 64.972944 70.006218
3259000 303.80882 -444128.62 -440510.77 15329.5 61.577258 69.973799
3260000 298.07787 -444059.88 -440510.26 15331.1 66.62533 69.96097
3261000 305.61903 -444149.38 -440509.96 15338 58.260311 69.916311
3262000 299.48546 -444075.97 -440509.6 15343.4 62.9928 69.889986
3263000 302.15798 -444108.28 -440510.08 15348.1 69.261812 69.887606
3264000 296.94006 -444045.22 -440509.16 15349.9 63.353855 69.862951
3265000 304.66214 -444138.12 -440510.11 15351.9 69.174882 69.860364
3266000 293.26462 -444002.31 -440510.02 15355.5 68.584475 69.855585
3267000 295.22862 -444025.09 -440509.41 15358.8 61.570082 69.824669
3268000 298.09938 -444059.5 -440509.63 15360.6 67.666232 69.816645
3269000 301.47802 -444101.03 -440510.93 15364.6 56.730847 69.768179
3270000 304.76 -444140.03 -440510.85 15368.4 49.653576 69.693956
3271000 292.8182 -443995.91 -440508.93 15373.3 57.185697 69.64797
3272000 296.79418 -444043.84 -440509.52 15377.8 57.077085 69.601922
3273000 301.19024 -444097.03 -440510.36 15381.6 64.541802 69.583455
3274000 299.51259 -444076.66 -440509.96 15386.8 53.167159 69.523759
3275000 303.79545 -444127.69 -440509.99 15392 57.427375 69.479932
3276000 298.21401 -444061.28 -440510.05 15395.4 74.699222 69.498774
3277000 299.05997 -444070.47 -440509.16 15397.7 55.086955 69.446933
3278000 299.55536 -444077.81 -440510.61 15402.2 65.633118 69.433263
3279000 298.95393 -444070.16 -440510.11 15404.7 59.396912 69.397419
3280000 302.17078 -444108.91 -440510.56 15412.2 60.547172 69.365924
3281000 296.26805 -444037.56 -440509.5 15413.9 64.815376 69.349787
3282000 296.68789 -444042.5 -440509.44 15418.9 54.47258 69.297217
3283000 303.58607 -444126.62 -440511.42 15420.8 68.962619 69.296039
3284000 298.17503 -444061.66 -440510.89 15425.1 55.6072 69.248008
3285000 298.52356 -444065.16 -440510.24 15429.5 63.092164 69.226484
3286000 300.99777 -444094.16 -440509.77 15436.8 58.420903 69.188834
3287000 295.18461 -444024.53 -440509.37 15441.1 57.4743 69.148159
3288000 300.44207 -444088.16 -440510.39 15446.9 71.056199 69.154761
3289000 306.0338 -444154.69 -440510.33 15455.4 77.551897 69.183716
3290000 301.27951 -444097.81 -440510.07 15461.5 73.495356 69.198533
3291000 302.36207 -444111.03 -440510.4 15468.7 64.791981 69.183442
3292000 296.29032 -444038.12 -440509.8 15476.4 71.799641 69.192371
3293000 301.80498 -444104.22 -440510.22 15478.3 65.917189 69.181231
3294000 300.17381 -444084.94 -440510.37 15482.6 63.84917 69.163156
3295000 299.49837 -444076.66 -440510.13 15490.7 71.554775 69.171236
3296000 299.76647 -444079.69 -440509.97 15492.3 50.970095 69.109953
3297000 301.09251 -444095.69 -440510.18 15496.4 68.768317 69.108806
3298000 297.99832 -444058.44 -440509.77 15501 69.872717 69.111361
3299000 297.78027 -444056.44 -440510.37 15502.7 59.375385 69.078908
3300000 301.0295 -444095.16 -440510.4 15508.2 50.507623 69.017209
3301000 296.50529 -444039.91 -440509.02 15515.1 71.303824 69.024781
3302000 301.53067 -444100.97 -440510.24 15520 66.815006 69.017488
3303000 300.16146 -444084.59 -440510.17 15524 66.332162 69.008655
3304000 297.88933 -444056.59 -440509.23 15530.2 54.858739 68.962261
3305000 295.80478 -444032.12 -440509.58 15535 51.444715 68.905015
3306000 293.90646 -444010.31 -440510.38 15537.1 50.27547 68.844332
3307000 302.23031 -444109.16 -440510.1 15542 48.336885 68.777749
3308000 301.21423 -444096.75 -440509.79 15544.1 43.469718 68.695846
3309000 303.53941 -444124.41 -440509.76 15548.6 56.127297 68.655303
3310000 301.20384 -444095.78 -440508.94 15550.5 53.787058 68.607495
3311000 302.49456 -444112.47 -440510.26 15556 73.732592 68.623921
3312000 300.33473 -444086.31 -440509.83 15560.9 71.084963 68.631784
3313000 300.26898 -444085.41 -440509.7 15565.3 74.538791 68.650596
3314000 304.18654 -444132.5 -440510.14 15570.7 67.596701 68.647251
3315000 298.01854 -444059.38 -440510.47 15575 71.64887 68.656749
3316000 301.56563 -444102.62 -440511.48 15579.8 76.843853 68.682576
3317000 302.16675 -444107.97 -440509.67 15581.4 62.642965 68.663584
3318000 292.64011 -443993.88 -440509.02 15586 66.496431 68.65679
3319000 295.0289 -444023.03 -440509.73 15590 76.590739 68.681584
3320000 297.89972 -444057.06 -440509.57 15594.9 65.159514 68.670611
3321000 292.53829 -443991.97 -440508.32 15598.8 70.144525 68.675189
3322000 299.11474 -444072.06 -440510.1 15603.1 68.306357 68.674047
3323000 301.45335 -444100.03 -440510.22 15609.7 54.045128 68.628896
3324000 296.28744 -444037.53 -440509.24 15611.5 64.489967 68.616161
3325000 300.19813 -444085.78 -440510.92 15618.4 67.894854 68.613948
3326000 300.21678 -444084.41 -440509.32 15622.8 66.567426 68.60769
3327000 302.19475 -444108.03 -440509.39 15627.2 53.203868 68.560727
3328000 298.6896 -444065.97 -440509.07 15631.4 65.07562 68.550134
3329000 299.29383 -444073.19 -440509.1 15638.6 67.348158 68.546491
3330000 302.84794 -444117.47 -440511.05 15642.9 78.861041 68.577653
3331000 298.99476 -444070.94 -440510.41 15647.3 68.226186 68.576595
3332000 301.95758 -444105.78 -440509.97 15651.8 73.941377 68.592705
3333000 294.19472 -444012.12 -440508.76 15654.1 69.085355 68.59418
3334000 303.61517 -444125.41 -440509.85 15662.2 69.270039 68.596198
3335000 294.30857 -444013.56 -440508.84 15667.1 58.803292 68.567052
3336000 302.94404 -444118.03 -440510.47 15671 65.75324 68.558702
3337000 297.69081 -444055.12 -440510.12 15675.8 81.353214 68.596556
3338000 302.60132 -444113.47 -440509.99 15680.9 63.916813 68.582751
3339000 298.19454 -444060.97 -440509.97 15685.6 58.187916 68.552178
3340000 302.95694 -444117.59 -440509.88 15687.2 48.272319 68.492707
3341000 299.03289 -444070.53 -440509.55 15694.2 45.293418 68.424873
3342000 301.7794 -444104.41 -440510.72 15702.1 57.855101 68.394057
3343000 298.26225 -444061.53 -440509.72 15706.9 65.616886 68.385984
3344000 300.43111 -444087.38 -440509.74 15709 58.471555 68.357246
3345000 300.62028 -444089.91 -440510.02 15713.7 47.349501 68.29653
3346000 296.99954 -444046.25 -440509.48 15722.3 63.973415 68.284072
3347000 299.12739 -444071.03 -440508.92 15724 73.118841 68.297965
3348000 301.30951 -444098.28 -440510.19 15728.4 81.587302 68.336043
3349000 298.54611 -444064.84 -440509.66 15736.1 82.80703 68.377389
3350000 303.80893 -444127.94 -440510.08 15740.2 78.601123 68.406516
3351000 297.1137 -444048.16 -440510.03 15742 76.627609 68.429871
3352000 295.24588 -444025.16 -440509.27 15744.6 72.389536 68.441089
3353000 304.2535 -444132.88 -440509.72 15751.5 63.976097 68.428476
3354000 301.50707 -444099.97 -440509.52 15758.3 51.040395 68.379495
3355000 300.55288 -444088.5 -440509.42 15760.1 56.61248 68.346442
3356000 299.84239 -444080.69 -440510.06 15765.4 64.914032 68.336827
3357000 301.61791 -444101.28 -440509.51 15767.6 71.038971 68.344375
3358000 301.60401 -444102.22 -440510.62 15771.8 70.434652 68.350198
3359000 298.36486 -444063.03 -440510 15773.9 74.793981 68.368097
3360000 300.97912 -444094.16 -440510 15775.9 71.510021 68.3768
3361000 299.60254 -444077.56 -440509.79 15782.1 74.794531 68.394529
3362000 300.60852 -444089.97 -440510.22 15788.8 77.742884 68.420282
3363000 298.51236 -444064 -440509.21 15791.5 84.184467 68.46359
3364000 298.03128 -444058.56 -440509.51 15797.3 69.227646 68.465683
3365000 301.70369 -444102.34 -440509.55 15799.4 63.768041 68.452848
3366000 296.7415 -444042.97 -440509.27 15807.5 43.575314 68.385062
3367000 295.63392 -444030.28 -440509.77 15810.1 49.380141 68.333418
3368000 299.30855 -444074.31 -440510.05 15813 51.488403 68.287768
3369000 306.88243 -444165.94 -440511.48 15818.4 57.868333 68.259607
3370000 301.94853 -444105.06 -440509.36 15825.9 56.037944 68.226665
3371000 300.31262 -444086.31 -440510.09 15831.9 57.702977 68.198375
3372000 302.08871 -444107.78 -440510.41 15836.3 62.376517 68.182767
3373000 302.87496 -444117 -440510.26 15837.8 71.206613 68.190852
3374000 299.61717 -444078.59 -440510.65 15845.7 56.112352 68.158643
3375000 298.85621 -444069.09 -440510.21 15847 68.60588 68.159832
3376000 300.43513 -444086.84 -440509.16 15848.6 56.677345 68.129375
3377000 301.75177 -444103.81 -440510.45 15854.4 46.305511 68.07164
3378000 297.05955 -444046.53 -440509.05 15859.1 53.471646 68.033117
3379000 302.7929 -444115.34 -440509.58 15866 54.310054 67.997004
3380000 299.30089 -444073.91 -440509.73 15870.4 67.300313 67.995175
3381000 298.81169 -444068.34 -440509.99 15872.3 64.066619 67.984891
3382000 296.39496 -444038.78 -440509.21 15874.4 68.674386 67.986692
3383000 298.16113 -444060.75 -440510.15 15881 63.39573 67.974736
3384000 300.6785 -444089.88 -440509.29 15883.2 72.970274 67.987711
3385000 301.50697 -444100.25 -440509.8 15888.2 74.153714 68.003685
3386000 298.43213 -444062.38 -440508.54 15892.7 59.639649 67.982073
3387000 301.54423 -444100.81 -440509.92 15896 85.942355 68.028362
3388000 300.01306 -444082.97 -440510.31 15902.4 78.32951 68.054843
3389000 299.06666 -444071.16 -440509.77 15904.7 73.220621 68.068089
3390000 300.48821 -444087.62 -440509.31 15912.7 75.905204 68.088133
3391000 295.28899 -444025.78 -440509.38 15919.6 78.108977 68.113696
3392000 297.46196 -444052.06 -440509.79 15923.7 76.514012 68.135071
3393000 300.54786 -444088.78 -440509.76 15925.3 63.787454 68.124036
3394000 298.65165 -444065.34 -440508.9 15929.3 62.605073 68.110064
3395000 301.19479 -444096.41 -440509.68 15931.2 73.174965 68.122855
3396000 295.23963 -444025.19 -440509.37 15932.8 69.062502 68.125221
3397000 298.30133 -444062.31 -440510.04 15938 72.872411 68.137149
3398000 302.52351 -444112.78 -440510.23 15942.1 91.11785 68.194745
3399000 301.57337 -444100.62 -440509.39 15943.8 92.270381 68.254934
3400000 297.59194 -444053.06 -440509.24 15950.6 83.383128 68.29266
3401000 296.87475 -444044.84 -440509.56 15952.7 77.461951 68.315469
3402000 301.43615 -444098.94 -440509.33 15959.7 74.196485 68.330062
3403000 297.68367 -444054.41 -440509.49 15961.1 74.41724 68.34513
3404000 297.37075 -444050.72 -440509.53 15962.6 58.860699 68.321711
3405000 301.84268 -444103.94 -440509.49 15969.5 62.057298 68.306282
3406000 299.00751 -444071 -440510.32 15975.4 63.712527 68.294995
3407000 297.85859 -444057.06 -440510.06 15980.4 70.985299 68.301589
3408000 300.122 -444083.69 -440509.73 15989 75.984135 68.320372
3409000 298.98577 -444071.5 -440511.08 15992.5 67.783093 68.319062
3410000 298.88478 -444068.38 -440509.15 15997.2 71.182208 68.326028
3411000 294.35156 -444014.88 -440509.64 16003.9 56.003937 68.29612
3412000 301.38835 -444099.66 -440510.62 16007.6 61.212118 68.278968
3413000 294.66114 -444017.59 -440508.67 16012.2 69.736615 68.282489
3414000 298.89741 -444069.62 -440510.25 16020.1 85.945797 68.325051
3415000 291.8282 -443984.59 -440509.41 16021.4 76.988298 68.345876
3416000 297.21674 -444049.06 -440509.71 16025.8 64.675513 68.337074
3417000 305.03314 -444142.72 -440510.28 16033.7 64.976819 68.329035
3418000 297.32817 -444050.22 -440509.53 16040.3 76.437065 68.348386
3419000 300.80055 -444092.66 -440510.62 16049.6 66.479717 68.343937
3420000 298.28401 -444060.97 -440508.9 16056.9 62.976393 68.331187
3421000 296.43422 -444040.56 -440510.52 16064.4 44.910249 68.275687
3422000 297.66477 -444054.19 -440509.5 16072.2 44.147 68.218646
3423000 301.25202 -444097.97 -440510.56 16076.5 61.210779 68.202118
3424000 299.09335 -444071.5 -440509.8 16081.1 45.994068 68.149863
3425000 304.03512 -444130.28 -440509.73 16084.7 52.923287 68.11412
3426000 297.12001 -444047.84 -440509.64 16086.3 58.328605 68.091203
3427000 303.25809 -444120.09 -440508.79 16088.7 56.482558 68.06408
3428000 298.99506 -444071.16 -440510.62 16092.4 66.673025 68.060838
3429000 301.98582 -444105.94 -440509.79 16099.5 71.074075 68.067845
3430000 307.24156 -444168.44 -440509.7 16105.6 80.289977 68.096203
3431000 295.65837 -444029.94 -440509.14 16109.6 68.734654 68.097681
3432000 300.74619 -444091.19 -440509.8 16113.7 62.789829 68.085423
3433000 299.53268 -444077.78 -440510.85 16117.5 70.356263 68.090655
3434000 302.89763 -444116.38 -440509.37 16122.9 62.410458 68.077597
3435000 300.247 -444085.03 -440509.59 16127.2 73.716306 68.09053
3436000 298.02253 -444058.31 -440509.36 16131.3 68.65932 68.091831
3437000 304.57986 -444137.06 -440510.02 16133.2 61.863813 68.077612
3438000 298.00162 -444057.5 -440508.8 16141 70.380645 68.082858
3439000 300.1682 -444083.75 -440509.25 16144.8 72.797812 68.093574
3440000 296.06953 -444034.69 -440508.99 16150.4 65.963711 68.088744
3441000 300.73967 -444090.34 -440509.03 16155 77.378891 68.109763
3442000 297.45228 -444051.19 -440509.03 16163.2 60.294209 68.092121
3443000 295.32504 -444026.09 -440509.26 16168 68.458549 68.092946
3444000 302.12155 -444107.16 -440509.39 16173.2 57.189171 68.068443
3445000 301.65083 -444101.75 -440509.59 16175.2 45.582088 68.018025
3446000 296.12712 -444035.75 -440509.37 16183.3 47.15032 67.971341
3447000 297.42681 -444050.66 -440508.8 16191.2 54.589267 67.941471
3448000 302.91458 -444117.06 -440509.85 16199.5 51.524605 67.904907
3449000 301.18988 -444096.56 -440509.89 16206.8 61.800505 67.891342
3450000 300.10393 -444083.44 -440509.7 16211.6 73.484017 67.903743
3451000 298.82673 -444067.66 -440509.13 16220.4 71.810578 67.912386
3452000 298.02312 -444059.28 -440510.32 16222.6 63.848659 67.903415
3453000 305.81594 -444152.44 -440510.68 16227 67.560229 67.902659
3454000 295.24054 -444024.62 -440508.8 16231.7 72.705845 67.913216
3455000 302.08195 -444107.66 -440510.36 16234.9 85.227747 67.951186
3456000 294.72912 -444018.75 -440509.02 16240.9 100.80477 68.023076
3457000 299.84992 -444080.62 -440509.91 16245.5 89.578821 68.070141
3458000 301.02579 -444094.31 -440509.6 16253.2 84.274884 68.105445
3459000 298.13548 -444059.19 -440508.89 16258.8 82.092927 68.135853
3460000 303.46064 -444124.25 -440510.54 16263.8 90.560738 68.184497
3461000 298.72696 -444066.62 -440509.28 16268.5 77.852039 68.205422
3462000 298.63227 -444065.72 -440509.51 16274.7 85.587563 68.242965
3463000 296.99602 -444045.72 -440508.99 16279.4 101.26266 68.314128
3464000 294.93267 -444021.47 -440509.31 16283.7 83.871298 68.347584
3465000 297.09596 -444047 -440509.08 16289 70.896254 68.353053
3466000 297.47976 -444051.59 -440509.1 16293.5 76.80982 68.371162
3467000 305.07175 -444142.56 -440509.67 16295.6 70.698027 68.376134
3468000 301.20318 -444096.88 -440510.05 16298 54.758487 68.347099
3469000 303.85705 -444128.72 -440510.29 16300 57.576599 68.324183
3470000 298.27065 -444061.41 -440509.5 16305 61.07382 68.308789
3471000 297.13196 -444048 -440509.65 16307.7 66.741025 68.305468
3472000 302.31256 -444110 -440509.96 16311.8 68.347377 68.305556
3473000 296.88889 -444045.25 -440509.8 16314 75.339771 68.320396
3474000 300.64951 -444090.12 -440509.89 16318.7 63.953889 68.311204
3475000 298.53885 -444064.94 -440509.84 16322.6 86.757718 68.349957
3476000 297.34822 -444050.81 -440509.89 16326.7 62.068815 68.336789
3477000 304.66656 -444137.47 -440509.4 16331.7 52.187126 68.303003
3478000 297.01721 -444047 -440510.02 16335.5 70.521399 68.307634
3479000 298.09565 -444059.44 -440509.61 16342.8 72.396491 68.316153
3480000 297.50289 -444051.53 -440508.77 16348.4 77.939678 68.33616
3481000 299.98173 -444081.84 -440509.56 16352 77.181401 68.354511
3482000 301.16181 -444096.09 -440509.76 16356.9 69.405895 68.356688
3483000 304.07521 -444130.28 -440509.25 16363.8 61.259637 68.342025
3484000 296.85007 -444044.44 -440509.45 16369.1 65.79459 68.336772
3485000 299.78457 -444079.88 -440509.94 16373.5 70.311579 68.340836
3486000 298.30775 -444061.91 -440509.56 16375.4 58.104668 68.319817
3487000 301.79217 -444103.06 -440509.22 16382.6 68.102576 68.319372
3488000 300.9667 -444094.03 -440510.02 16388.9 75.904746 68.334884
3489000 299.64789 -444078.03 -440509.72 16397.1 71.14702 68.340623
3490000 295.48681 -444027.78 -440509.02 16400.4 69.22808 68.34243
3491000 297.84548 -444055.81 -440508.97 16402.1 67.421282 68.340558
3492000 299.99616 -444082.25 -440509.79 16407.7 63.459972 68.330658
3493000 300.65212 -444089.94 -440509.67 16413.3 51.928235 68.297455
3494000 297.86124 -444055.94 -440508.91 16420 55.802175 68.272212
3495000 301.07987 -444095.47 -440510.11 16424.3 67.180562 68.270011
3496000 299.82577 -444079.38 -440508.95 16428.8 73.767566 68.281072
3497000 302.86791 -444116.12 -440509.47 16432.3 91.189864 68.327074
3498000 302.501 -444111.19 -440508.9 16436.4 74.879155 68.340204
3499000 296.77886 -444042.94 -440508.8 16440.3 61.765466 68.327055
3500000 301.61784 -444101.22 -440509.45 16447.9 79.435777 68.349228
3501000 300.33006 -444086.38 -440509.94 16449.3 71.88313 35.941565
3502000 303.82183 -444127.09 -440509.08 16453.9 69.022762 46.968631
3503000 300.40179 -444086.38 -440509.09 16461.2 74.556933 53.865706
3504000 304.667 -444138.75 -440510.67 16467.8 79.828086 59.058182
3505000 299.62965 -444077.59 -440509.5 16469.6 86.149971 63.57348
3506000 303.58431 -444124.97 -440509.78 16476.5 85.987467 66.775478
3507000 299.64895 -444077.75 -440509.43 16480.1 72.12304 67.443923
3508000 299.34985 -444074.28 -440509.52 16486.2 59.150298 66.52241
3509000 296.70402 -444042.25 -440509 16488.5 56.440919 65.51426
3510000 297.56941 -444054.19 -440510.63 16489.8 64.300145 65.403886
3511000 303.0206 -444117.72 -440509.25 16494.3 67.824977 65.605644
3512000 299.51042 -444076.38 -440509.7 16499.2 73.947604 66.247333
3513000 299.11093 -444071.66 -440509.74 16504.2 67.458447 66.333841
3514000 301.19096 -444096.25 -440509.57 16509 53.070813 65.449639
3515000 299.36284 -444073.91 -440508.99 16513.3 60.46154 65.137883
3516000 302.38211 -444110.34 -440509.48 16518.8 57.913953 64.712946
3517000 298.78388 -444066.91 -440508.89 16523 68.142816 64.903494
3518000 299.21103 -444073.31 -440510.21 16528.6 74.045887 65.384673
3519000 297.20813 -444048.66 -440509.4 16533 71.62731 65.696805
3520000 304.71724 -444138.19 -440509.51 16535 75.376739 66.157754
3521000 297.03464 -444046.72 -440509.53 16537 70.732567 66.3657
3522000 298.56932 -444064.31 -440508.85 16541.5 70.211288 66.5329
3523000 303.95199 -444129.38 -440509.81 16546 71.320963 66.732402
3524000 295.02323 -444022.16 -440508.92 16550.2 75.587307 67.086598
3525000 296.4574 -444040.12 -440509.81 16558.8 63.100638 66.933292
3526000 298.90351 -444068.62 -440509.18 16563.3 77.267482 67.31604
3527000 298.84893 -444068.06 -440509.27 16568.3 63.882594 67.193417
3528000 297.33022 -444050.62 -440509.92 16572 59.317092 66.92182
3529000 299.33554 -444073.44 -440508.85 16574.2 63.359389 66.803072
3530000 301.35939 -444098.09 -440509.4 16576 87.975693 67.48606
3531000 303.06142 -444118.53 -440509.57 16578.2 82.282537 67.94845
3532000 299.56015 -444076.62 -440509.36 16579.8 86.641354 68.514901
3533000 301.39556 -444098.81 -440509.69 16583.5 79.03814 68.824408
3534000 302.80795 -444115.75 -440509.81 16587.8 86.625964 69.333024
3535000 301.01764 -444094.19 -440509.57 16593.9 69.398926 69.334855
3536000 296.38275 -444037.75 -440508.32 16600.5 79.652105 69.613699
3537000 301.74584 -444101.69 -440508.4 16607 68.785957 69.591917
3538000 304.69819 -444138.09 -440509.65 16612.5 78.86176 69.829605
3539000 297.45968 -444051.44 -440509.19 16617.9 86.271437 70.240651
3540000 298.16094 -444059.59 -440508.99 16621.8 84.972223 70.599957
3541000 295.35882 -444026.25 -440509.02 16623.4 79.197543 70.804662
3542000 303.29551 -444120.88 -440509.13 16628.2 77.341594 70.956683
3543000 299.16804 -444071.66 -440509.06 16633.2 68.031357 70.890199
3544000 298.78969 -444065.94 -440507.85 16635.4 52.391355 70.479113
3545000 297.72809 -444054.12 -440508.68 16639.4 49.666814 70.026672
3546000 300.96503 -444093.84 -440509.85 16643.7 30.094744 69.177057
3547000 301.0272 -444094.34 -440509.61 16645.9 32.788302 68.418958
3548000 302.5732 -444113.03 -440509.89 16648.3 41.425169 67.868064
3549000 298.72946 -444067.38 -440510 16655.7 57.422665 67.659156
3550000 299.16067 -444071.66 -440509.15 16663.7 54.776763 67.40656
3551000 300.22438 -444084.56 -440509.39 16668.4 53.859399 67.146038
3552000 304.58195 -444135.97 -440508.9 16673.1 34.625784 66.532448
3553000 297.99616 -444056.44 -440507.8 16680.7 51.627724 66.256435
3554000 295.5236 -444028.28 -440509.09 16688.4 45.227415 65.874089
3555000 293.92291 -444009.09 -440508.96 16693.1 63.243507 65.827114
3556000 300.89125 -444091.91 -440508.79 16700.4 67.251923 65.852111
3557000 300.56096 -444088.22 -440509.04 16706 50.703571 65.590929
3558000 304.86134 -444140.16 -440509.76 16710 60.640186 65.507018
3559000 299.0268 -444069.88 -440508.96 16716.7 63.955869 65.481166
3560000 300.18025 -444083.56 -440508.92 16721.6 80.056356 65.720103
3561000 304.83969 -444139.91 -440509.77 16723.6 79.690541 65.945433
3562000 300.88393 -444092.38 -440509.35 16731.1 64.584543 65.923831
3563000 297.82339 -444055.88 -440509.29 16735.3 63.056671 65.879032
3564000 298.85817 -444067.31 -440508.41 16739.6 74.578971 66.012877
3565000 296.34204 -444038.09 -440509.15 16744.6 56.422078 65.867562
3566000 300.94365 -444093.25 -440509.51 16749.7 56.854123 65.733033
3567000 298.17586 -444060.69 -440509.91 16752 61.74892 65.674443
3568000 297.47919 -444051.28 -440508.8 16756.2 84.313309 65.944572
3569000 297.99481 -444057.88 -440509.25 16757.6 71.035076 66.017293
3570000 298.94119 -444069.06 -440509.17 16762.1 70.40177 66.079046
3571000 296.01619 -444033.88 -440508.81 16763.6 56.722964 65.949101
3572000 293.35673 -444001.47 -440508.08 16767.1 68.199231 65.979924
3573000 297.5872 -444052.59 -440508.83 16773.7 73.33799 66.079358
3574000 298.7523 -444067.25 -440509.61 16782.8 71.538769 66.15215
3575000 296.11674 -444035.28 -440509.02 16789 62.617856 66.105646
3576000 303.70396 -444126.53 -440509.92 16796.7 76.56248 66.241449
3577000 301.80697 -444103.62 -440509.61 16803.3 74.260271 66.344255
3578000 298.11833 -444058.88 -440508.78 16807.7 49.529638 66.131411
3579000 299.01678 -444070.28 -440509.49 16813.8 67.881869 66.153292
3580000 300.87279 -444091.5 -440508.61 16815.6 68.150459 66.177948
3581000 296.81065 -444042.88 -440508.35 16820.2 61.147733 66.116604
3582000 298.63134 -444065.91 -440509.7 16826.5 50.180767 65.924606
3583000 298.82873 -444067.5 -440508.95 16834.2 65.511716 65.919691
3584000 299.86102 -444080.75 -440509.9 16838.5 68.426746 65.949186
3585000 298.72711 -444066.16 -440508.81 16845 63.30301 65.918416
3586000 299.51524 -444075.12 -440508.4 16846.4 53.965872 65.781031
3587000 301.88773 -444104.44 -440509.46 16852.3 60.238665 65.718049
3588000 301.08186 -444094.19 -440508.8 16858.9 50.42719 65.546242
3589000 300.65471 -444089.59 -440509.3 16866.6 59.199737 65.475725
3590000 302.14466 -444106.75 -440508.71 16873.7 81.765802 65.654737
3591000 302.76474 -444114.59 -440509.17 16879.3 75.773602 65.764725
3592000 299.84943 -444080.16 -440509.45 16882.8 70.15618 65.811945
3593000 296.8284 -444043.56 -440508.83 16889.7 80.183565 65.964834
3594000 298.52957 -444064.59 -440509.6 16896.2 85.101739 66.166275
3595000 297.47325 -444050.88 -440508.46 16900.1 63.39959 66.137456
3596000 304.44676 -444134.22 -440508.76 16904.8 67.92099 66.155843
3597000 298.46277 -444063.31 -440509.12 16909.2 68.479428 66.179553
3598000 301.60004 -444101.03 -440509.48 16911.3 52.150117 66.037841
3599000 296.99645 -444044.91 -440508.17 16915.3 59.765581 65.975119
3600000 297.87993 -444055.66 -440508.4 16920.6 65.255442 65.967993
3601000 301.08871 -444094.16 -440508.69 16926 76.39038 66.070173
3602000 300.51302 -444087.41 -440508.8 16929.3 89.45389 66.2972
3603000 299.34244 -444073.44 -440508.77 16936 74.388473 66.375
3604000 298.15397 -444058.34 -440507.83 16939.7 73.868239 66.446365
3605000 295.61387 -444028.56 -440508.29 16944.5 66.550741 66.447349
3606000 297.24085 -444048.06 -440508.42 16948.3 79.537335 66.569686
3607000 297.55225 -444051.47 -440508.12 16952.9 81.656053 66.709374
3608000 298.0796 -444058.72 -440509.09 16954 87.157195 66.896969
3609000 295.14069 -444023.47 -440508.83 16959.2 90.274566 67.109492
3610000 294.70447 -444018.22 -440508.78 16963.7 67.86117 67.116264
3611000 299.18398 -444070.75 -440507.97 16965.8 63.757393 67.086274
3612000 301.09197 -444094.97 -440509.46 16967.8 69.325353 67.106089
3613000 303.96014 -444129.06 -440509.4 16969.2 66.676894 67.102324
3614000 299.41025 -444074.38 -440508.9 16975 57.293008 67.017026
3615000 298.3915 -444062.16 -440508.81 16976.8 62.042825 66.974145
3616000 296.26434 -444037 -440508.98 16982.1 59.182583 66.90755
3617000 300.93271 -444093.06 -440509.45 16984.5 64.809646 66.889772
3618000 301.8648 -444104.5 -440509.79 16991.9 34.634542 66.618719
3619000 299.50477 -444075.81 -440509.21 16995.9 64.085373 66.597608
3620000 299.9117 -444081.19 -440509.74 17001 76.733549 66.681376
3621000 297.97328 -444057.12 -440508.76 17008.3 70.769757 66.714887
3622000 298.22331 -444060.28 -440508.94 17015.1 69.863171 66.740483
3623000 299.38194 -444073.81 -440508.67 17017.4 55.79685 66.652228
3624000 299.92054 -444079.66 -440508.1 17025.2 60.697317 66.604589
3625000 299.41231 -444074.81 -440509.31 17026.9 76.857808 66.685964
3626000 305.25999 -444144.31 -440509.17 17031.5 75.126535 66.752425
3627000 298.84372 -444067.97 -440509.24 17037.5 59.287473 66.694105
3628000 304.22067 -444132.5 -440509.74 17041.4 63.122924 66.666421
3629000 302.36927 -444109.5 -440508.79 17043.2 67.886412 66.675806
3630000 300.93128 -444092.81 -440509.22 17044.4 60.192375 66.626314
3631000 302.73955 -444113.84 -440508.72 17046.6 61.366657 66.586468
3632000 296.14142 -444033.81 -440507.26 17048.6 59.771504 66.535228
3633000 298.64065 -444064.69 -440508.37 17050.5 52.496322 66.43046
3634000 300.94175 -444091.91 -440508.19 17056.4 45.970803 66.278907
3635000 301.12304 -444094.72 -440508.84 17060.1 60.07532 66.233292
3636000 300.28345 -444084.94 -440509.06 17064.5 72.280998 66.277436
3637000 297.72925 -444053.41 -440507.95 17069.7 67.805355 66.288508
3638000 298.61817 -444064.38 -440508.33 17074.3 65.404963 66.282151
3639000 303.39007 -444123.06 -440510.19 17084.1 84.315047 66.410958
3640000 299.53127 -444075.5 -440508.58 17086 67.781348 66.420677
3641000 297.14694 -444047.28 -440508.76 17090.6 79.053795 66.509643
3642000 298.9552 -444069.62 -440509.57 17094.8 74.149835 66.56307
3643000 296.7854 -444042.84 -440508.62 17099.5 52.679665 66.466658
3644000 297.70106 -444053.44 -440508.31 17101.6 48.191546 66.340623
3645000 305.43928 -444146.88 -440509.6 17104.2 45.053673 66.194822
3646000 300.74831 -444089.94 -440508.53 17108.5 48.77409 66.076313
3647000 300.92666 -444092.12 -440508.59 17115 40.029101 65.900319
3648000 295.95409 -444033.53 -440509.21 17116.4 58.525434 65.850823
3649000 298.13324 -444058.84 -440508.57 17119.6 65.154449 65.84618
3650000 296.32378 -444037.94 -440509.21 17123.5 75.099069 65.907458
3651000 297.49802 -444051.94 -440509.23 17131.1 54.404946 65.831783
3652000 300.32693 -444085.47 -440509.07 17135 49.351873 65.724071
3653000 299.31961 -444073.38 -440508.98 17141 56.669814 65.665277
3654000 298.74475 -444065.88 -440508.32 17145.5 57.302705 65.611325
3655000 301.33911 -444097.16 -440508.71 17150.1 46.88991 65.491316
3656000 299.92449 -444080.47 -440508.87 17155.1 57.127889 65.438046
3657000 298.87252 -444067 -440507.93 17159.9 55.38813 65.374439
3658000 299.16641 -444071.16 -440508.58 17161.5 75.028541 65.435157
3659000 298.56829 -444063.31 -440507.86 17165.2 64.031301 65.426383
3660000 298.14885 -444058.31 -440507.86 17171.2 72.428144 65.469872
3661000 300.44548 -444086.22 -440508.41 17177.5 77.270628 65.542716
3662000 302.25827 -444107.56 -440508.17 17181.5 52.379337 65.461959
3663000 296.04818 -444033.38 -440507.93 17186 45.075654 65.337652
3664000 302.78765 -444113.75 -440508.05 17192.9 56.797927 65.285896
3665000 304.20473 -444131.16 -440508.58 17199.2 56.547784 65.233257
3666000 298.58008 -444064.09 -440508.5 17203 51.225355 65.149377
3667000 299.39347 -444074.34 -440509.07 17207.4 53.766038 65.081619
3668000 298.3458 -444060.66 -440507.85 17213.2 58.303748 65.041514
3669000 298.03357 -444057.06 -440507.98 17221.6 78.206884 65.118957
3670000 296.39043 -444037.53 -440508.01 17227.1 65.626495 65.121925
3671000 299.34213 -444073.53 -440508.86 17234.9 45.419143 65.007374
3672000 296.87776 -444043.59 -440508.27 17242.8 52.340981 64.934158
3673000 304.4239 -444133.5 -440508.32 17244.6 58.756635 64.898655
3674000 302.55228 -444111.75 -440508.86 17249.7 31.125516 64.705666
3675000 300.62054 -444088.75 -440508.86 17255.5 47.266216 64.606578
3676000 305.02294 -444141.31 -440509 17257.4 38.226434 64.457537
3677000 297.24913 -444048.62 -440508.88 17260.2 50.833799 64.381
3678000 300.15163 -444083.41 -440509.1 17264.6 57.135958 64.340524
3679000 300.74064 -444091.09 -440509.77 17266.6 52.981303 64.277418
3680000 306.41823 -444157.94 -440509.01 17268.5 47.054865 64.182265
3681000 300.03086 -444081.81 -440508.94 17272.7 48.849524 64.09802
3682000 294.50992 -444016.16 -440509.03 17274.7 46.081193 63.999567
3683000 295.91875 -444032.44 -440508.54 17277.3 45.880487 63.901094
3684000 305.80765 -444151.12 -440509.46 17282 44.387292 63.795614
3685000 295.11371 -444022.91 -440508.59 17287 57.869914 63.763755
3686000 302.00984 -444105.31 -440508.88 17289 55.679804 63.720525
3687000 299.58716 -444077.12 -440509.54 17294.8 52.519903 63.660948
3688000 303.44258 -444122.09 -440508.6 17298.9 70.799531 63.698718
3689000 302.14668 -444107.19 -440509.12 17304.4 67.866277 63.720653
3690000 300.56767 -444088.78 -440509.52 17306.1 63.770106 63.720911
3691000 303.92255 -444128.91 -440509.69 17309.4 68.235299 63.744424
3692000 301.23136 -444095.97 -440508.8 17313.3 83.06474 63.844529
3693000 304.57267 -444135.72 -440508.77 17317.8 81.079247 63.933368
3694000 305.03218 -444141.12 -440508.7 17328.5 64.972936 63.938699
3695000 300.80494 -444090.09 -440508.01 17332.6 67.688121 63.957829
3696000 302.38234 -444110.5 -440509.63 17338.2 60.848295 63.942044
3697000 297.80555 -444055.06 -440508.69 17340.4 68.386978 63.964493
3698000 295.42948 -444027.03 -440508.96 17347.2 66.335502 63.976408
3699000 295.74613 -444030.03 -440508.19 17354.9 86.111094 64.087081
3700000 293.93611 -444008.12 -440507.83 17361.2 89.877697 64.215393
3701000 299.61463 -444075.88 -440507.96 17362.7 78.537164 64.286293
3702000 300.23451 -444083.09 -440507.8 17364.9 82.74445 64.37722
3703000 297.0815 -444045.91 -440508.16 17366.8 62.917112 64.370062
3704000 299.92822 -444080.72 -440509.07 17373.6 60.358755 64.350495
3705000 302.09702 -444105.22 -440507.75 17380.1 63.554388 64.34663
3706000 299.6824 -444077.22 -440508.5 17387.9 57.095241 64.3116
3707000 298.30283 -444060.72 -440508.43 17393.8 56.174005 64.272476
3708000 298.10918 -444058.44 -440508.45 17397.5 58.633119 64.245494
3709000 301.86769 -444102.97 -440508.23 17404.4 54.653844 64.199819
3710000 295.0628 -444021.94 -440508.23 17406.5 53.481502 64.149022
3711000 295.10597 -444022.75 -440508.53 17410.4 62.393745 64.140742
3712000 297.94154 -444056.44 -440508.45 17415.3 50.066484 64.074666
3713000 300.67043 -444089.72 -440509.23 17421.6 52.040364 64.018431
3714000 300.01543 -444081.91 -440509.22 17427.2 54.708011 63.975126
3715000 299.18659 -444071.22 -440508.4 17434.1 42.311924 63.874834
3716000 303.35256 -444121.5 -440509.08 17442.5 64.426973 63.877378
3717000 298.87412 -444067.72 -440508.63 17444.3 40.96369 63.77227
3718000 299.83901 -444079.78 -440509.2 17448.7 42.75262 63.676289
3719000 300.87259 -444091.53 -440508.64 17452.5 55.909217 63.640985
3720000 299.98683 -444080.5 -440508.16 17457.8 51.445645 63.585802
3721000 296.88633 -444043.78 -440508.36 17460.3 43.572674 63.495653
3722000 299.38522 -444073.25 -440508.07 17464.1 44.423792 63.410129
3723000 302.3104 -444108.38 -440508.36 17465.4 39.309289 63.302536
3724000 297.39844 -444049.5 -440507.98 17470.1 37.363413 63.187251
3725000 306.45079 -444158.88 -440509.56 17475.1 37.212506 63.072318
3726000 298.78187 -444067.03 -440509.04 17477.7 42.092411 62.979896
3727000 299.78283 -444078.41 -440508.49 17484.4 62.291838 62.976878
3728000 301.79132 -444102.16 -440508.32 17491 63.379449 62.978636
3729000 299.4047 -444074.16 -440508.74 17495.5 69.83367 63.00844
3730000 299.56641 -444075.06 -440507.72 17503.9 73.400563 63.053428
3731000 302.07 -444105.84 -440508.69 17505.9 70.279228 63.084574
3732000 302.2594 -444107.81 -440508.41 17508.4 74.724986 63.134532
3733000 299.50647 -444075.38 -440508.75 17513.3 73.28007 63.177889
3734000 300.04677 -444080.78 -440507.72 17520.5 83.27733 63.263419
3735000 296.92732 -444044.31 -440508.4 17522.4 96.267532 63.403267
3736000 304.45584 -444134.22 -440508.66 17528.8 82.505369 63.483866
3737000 296.4689 -444038.81 -440508.36 17534.2 86.776212 63.581733
3738000 298.90016 -444067.25 -440507.85 17539.5 91.483788 63.698478
3739000 298.6815 -444065.34 -440508.54 17541.3 80.819981 63.769818
3740000 301.89354 -444103.5 -440508.45 17543.4 67.663208 63.785973
3741000 296.58016 -444039.78 -440508.01 17547.6 61.32547 63.775806
3742000 298.03121 -444057.53 -440508.48 17551.9 52.690222 63.730186
3743000 302.39238 -444109 -440508.01 17554.4 65.603181 63.737862
3744000 304.56459 -444135.34 -440508.49 17562.8 60.512162 63.724696
3745000 300.28418 -444084.28 -440508.4 17563.9 69.113354 63.746601
3746000 298.88471 -444067.19 -440507.97 17565.6 70.273919 63.773028
3747000 304.98237 -444140.69 -440508.85 17572.4 60.384259 63.759363
3748000 298.91573 -444067.91 -440508.32 17578 76.982563 63.812469
3749000 302.28667 -444108.22 -440508.49 17585.6 68.598096 63.831611
3750000 297.77648 -444054.44 -440508.42 17586.9 68.587484 63.850559
3751000 294.76479 -444017.97 -440507.81 17598.3 68.34742 63.868403
3752000 298.35915 -444060.5 -440507.54 17605.4 68.891045 63.888256
3753000 302.16841 -444106.31 -440507.99 17611.1 55.23607 63.854192
3754000 295.098 -444022.41 -440508.28 17617.6 67.028238 63.866639
3755000 298.766 -444066.31 -440508.51 17619.4 63.167412 63.863908
3756000 301.24615 -444095.91 -440508.57 17621.3 68.761638 63.882965
3757000 298.57777 -444064.25 -440508.69 17625.2 73.356357 63.919684
3758000 301.52953 -444098.53 -440507.82 17633.5 57.969949 63.896712
3759000 302.81237 -444114.81 -440508.82 17635.6 70.86804 63.923525
3760000 299.12691 -444069.81 -440507.71 17643.2 52.475482 63.879662
3761000 301.07623 -444093.22 -440507.9 17647.3 65.556816 63.886064
3762000 298.21821 -444058.97 -440507.69 17648.8 85.22153 63.967187
3763000 296.93146 -444043.78 -440507.82 17653.6 74.787031 64.008172
3764000 298.19117 -444059.03 -440508.07 17660.4 61.475152 63.998613
3765000 297.33901 -444049 -440508.19 17661.9 80.883816 64.062091
3766000 299.5676 -444075.78 -440508.43 17664 65.717553 64.068291
3767000 302.17679 -444106.47 -440508.05 17668.1 74.520573 64.107292
3768000 300.55422 -444088.03 -440508.93 17671.8 83.650772 64.179945
3769000 298.12698 -444058.56 -440508.37 17677.7 75.300879 64.221133
3770000 298.62698 -444064.47 -440508.32 17683.1 70.635452 64.244803
3771000 298.73548 -444066.06 -440508.62 17688.1 75.916718 64.287714
3772000 299.91489 -444079.41 -440507.92 17692.7 65.420539 64.291864
3773000 295.65025 -444028.22 -440507.52 17695.1 68.335662 64.306622
3774000 307.19154 -444167.44 -440509.3 17699.1 66.626887 64.315059
3775000 298.99154 -444069.44 -440508.95 17703.7 61.836381 64.306079
3776000 299.62759 -444076.53 -440508.47 17707.4 61.022139 64.294223
3777000 297.05494 -444045.41 -440507.98 17711.8 67.380414 64.305325
3778000 295.38353 -444025.81 -440508.29 17716.2 63.942803 64.304025
3779000 298.70696 -444065.53 -440508.43 17721.4 69.681521 64.323231
3780000 294.76839 -444018.41 -440508.21 17727.3 80.115179 64.37943
3781000 297.92508 -444055.62 -440507.83 17728.8 75.25942 64.418011
3782000 301.73174 -444101.12 -440508 17734.1 72.976513 64.448253
3783000 301.89063 -444103.44 -440508.42 17738.3 74.649879 64.484174
3784000 298.39094 -444061.38 -440508.04 17746.7 89.610617 64.572337
3785000 300.34694 -444085.06 -440508.43 17754 84.182562 64.640905
3786000 298.15267 -444059.19 -440508.69 17756.2 74.517966 64.675319
3787000 302.15253 -444106.56 -440508.43 17762.6 66.423585 64.68139
3788000 297.68524 -444053.16 -440508.22 17764.4 77.264947 64.724932
3789000 297.17083 -444047.19 -440508.38 17768.4 65.581176 64.727884
3790000 301.54404 -444098.84 -440507.96 17774.1 76.455253 64.768184
3791000 297.25554 -444046.94 -440507.12 17778.4 45.500328 64.702199
3792000 301.1509 -444095.19 -440508.98 17780.1 40.311879 64.618955
3793000 303.12761 -444117.75 -440508 17783.2 51.469872 64.57423
3794000 300.57102 -444088.09 -440508.79 17787.9 55.024873 64.54186
3795000 299.24006 -444071.97 -440508.52 17792 56.730906 64.515471
3796000 297.4592 -444050.03 -440507.79 17794.1 53.550968 64.478554
3797000 300.69826 -444088.66 -440507.84 17799.5 27.066696 64.353011
3798000 300.86922 -444091.31 -440508.46 17803.5 54.180449 64.318989
3799000 300.88067 -444090.38 -440507.39 17811.9 47.92642 64.264347
3800000 299.96943 -444079.59 -440507.46 17816.4 54.941727 64.233375
3801000 298.64639 -444063.97 -440507.59 17821.2 57.626113 64.211496
3802000 298.55484 -444063.03 -440507.74 17825.8 57.927372 64.190757
3803000 299.64378 -444076.12 -440507.87 17827.5 70.930009 64.212925
3804000 302.08379 -444105.66 -440508.34 17829.8 41.955575 64.13995
3805000 300.10737 -444081.53 -440507.75 17834.6 34.520177 64.043154
3806000 300.91685 -444091.62 -440508.21 17839.4 48.8513 63.993669
3807000 298.00792 -444058.19 -440509.41 17843.1 36.529791 63.9045
3808000 298.5745 -444062.62 -440507.1 17844.9 45.095785 63.843631
3809000 302.60083 -444112 -440508.53 17850 38.64009 63.762329
3810000 300.48817 -444086.47 -440508.15 17855.3 53.450589 63.729172
3811000 303.89968 -444127.78 -440508.84 17863.1 56.593599 63.706302
3812000 297.21645 -444046.97 -440507.62 17866.6 61.593615 63.699552
3813000 303.55223 -444123.31 -440508.51 17872 57.225748 63.678935
3814000 299.97549 -444079.28 -440507.07 17881.7 57.19964 63.658366
3815000 304.00495 -444128.16 -440507.96 17887.7 57.068639 63.637512
3816000 302.26787 -444108 -440508.49 17894.6 55.534985 63.611952
3817000 298.96843 -444068.09 -440507.88 17898.7 72.673164 63.640446
3818000 295.91474 -444031.88 -440508.02 17904.9 70.475763 63.661874
3819000 306.36266 -444156.56 -440508.29 17906.3 75.770944 63.699715
3820000 302.29205 -444107.94 -440508.14 17908.2 73.093322 63.728978
3821000 296.94119 -444043.62 -440507.55 17912.7 58.938732 63.714102
3822000 300.78686 -444090.19 -440508.32 17919.3 69.239602 63.731208
3823000 299.39826 -444073 -440507.66 17921.4 71.928248 63.756508
3824000 300.55237 -444087.34 -440508.27 17925.9 65.756345 63.762661
3825000 298.83616 -444066.56 -440507.92 17928 59.546808 63.749729
3826000 299.13316 -444069.28 -440507.1 17929.8 69.972637 63.76876
3827000 294.86804 -444019.5 -440508.11 17934.4 63.479435 63.767877
3828000 303.68184 -444124.75 -440508.4 17941.8 57.724631 63.749509
3829000 299.12931 -444070.22 -440508.09 17950.1 65.593497 63.755097
3830000 297.3222 -444048.25 -440507.64 17952.1 66.495017 63.763374
3831000 296.15872 -444035.03 -440508.27 17959.7 58.086532 63.746276
3832000 297.04299 -444045.03 -440507.74 17963.7 57.971718 63.728934
3833000 302.15109 -444106.5 -440508.38 17972.2 54.584153 63.701555
3834000 293.37127 -444000.78 -440507.22 17978 67.085098 63.711655
3835000 296.3295 -444035.78 -440506.99 17982.7 67.012696 63.72148
3836000 301.25094 -444095.47 -440508.07 17988.2 63.073165 63.719556
3837000 298.05809 -444057.22 -440507.84 17989.6 56.980428 63.699618
3838000 301.72014 -444100.66 -440507.67 17994.9 63.205259 63.698159
3839000 300.02154 -444081.38 -440508.62 17999.4 61.970245 63.693077
3840000 303.94783 -444127.44 -440507.92 18003.5 58.516163 63.677896
3841000 299.85617 -444078.66 -440507.87 18007.6 51.08032 63.641061
3842000 300.83217 -444090.28 -440507.87 18013.6 71.224374 63.663169
3843000 300.18042 -444082.88 -440508.23 18022.2 80.471566 63.712031
3844000 296.16724 -444034.34 -440507.48 18027.4 61.83618 63.706594
3845000 297.63189 -444052.66 -440508.36 18031.2 89.705409 63.781735
3846000 301.74751 -444101.19 -440507.88 18033.3 109.89848 63.914636
3847000 301.24391 -444094.84 -440507.53 18039.9 99.949992 64.018186
3848000 294.83105 -444019.19 -440508.24 18048.6 76.243649 64.053216
3849000 305.08066 -444142.09 -440509.09 18050.9 65.883628 64.058446
3850000 301.62466 -444099.84 -440508 18057.8 69.322592 64.073443
3851000 298.94058 -444068.38 -440508.49 18062.3 58.36593 64.057229
3852000 301.93304 -444103.06 -440507.54 18066.1 74.709608 64.087405
3853000 302.54213 -444110.56 -440507.79 18074.5 82.533609 64.139513
3854000 302.87602 -444115.03 -440508.28 18078.4 83.673388 64.194538
3855000 300.28608 -444083.97 -440508.06 18082.4 77.36647 64.231538
3856000 300.87008 -444090.94 -440508.08 18084.2 75.175205 64.262193
3857000 300.75092 -444090.16 -440508.71 18092.1 68.25526 64.273347
3858000 300.12753 -444082.12 -440508.11 18096.6 69.937669 64.289125
3859000 296.99673 -444044.94 -440508.2 18103.3 65.448347 64.292345
3860000 296.34356 -444036.62 -440507.67 18108.6 68.315616 64.303489
3861000 301.74396 -444100.81 -440507.54 18114.8 57.862671 64.285697
3862000 303.34782 -444119.97 -440507.6 18119.4 44.101304 64.230093
3863000 298.95785 -444067.91 -440507.82 18124.8 62.552605 64.225484
3864000 298.88899 -444066.94 -440507.67 18130.2 64.013981 64.224905
3865000 299.96883 -444079.31 -440507.18 18132.2 48.686659 64.182451
3866000 300.5869 -444087.19 -440507.7 18139.9 50.359401 64.144786
3867000 302.14082 -444106.06 -440508.07 18145.5 55.269766 64.120669
3868000 300.18996 -444082.25 -440507.49 18152.5 57.465277 64.102632
3869000 305.15578 -444142.62 -440508.73 18160 66.952058 64.110334
3870000 299.32954 -444072.5 -440507.98 18162.5 55.183036 64.086271
3871000 302.38276 -444107.59 -440506.72 18166.3 59.5448 64.074062
3872000 306.40239 -444157.03 -440508.29 18176.6 65.685947 64.078384
3873000 300.78047 -444089.47 -440507.67 18182.7 75.498654 64.108919
3874000 300.44961 -444085.38 -440507.52 18187 72.748322 64.131958
3875000 295.23592 -444024.38 -440508.61 18189.3 61.663242 64.125392
3876000 301.02856 -444093.12 -440508.38 18196.3 56.788432 64.105931
3877000 300.49294 -444086.12 -440507.75 18201.8 56.617429 64.08612
3878000 301.61513 -444099.84 -440508.11 18203.8 57.782999 64.069489
3879000 299.1961 -444070.88 -440507.95 18208.7 58.814415 64.05566
3880000 299.4997 -444074.22 -440507.68 18210 64.342629 64.056413
3881000 297.99793 -444055.53 -440506.87 18217.6 69.072231 64.069543
3882000 295.49539 -444026.22 -440507.36 18224.3 65.676236 64.073738
3883000 299.66395 -444076.91 -440508.41 18229.8 64.536413 64.074943
3884000 301.09393 -444092.91 -440507.38 18234.5 61.26414 64.067642
3885000 298.98733 -444068.12 -440507.68 18236.6 47.777381 64.02544
3886000 304.68091 -444135.91 -440507.66 18245.5 60.420091 64.016124
3887000 299.46665 -444073.91 -440507.76 18250.9 59.989326 64.005745
3888000 300.49082 -444085.94 -440507.59 18254.8 59.545066 63.994278
3889000 305.20062 -444142.38 -440507.94 18259.4 51.639098 63.962598
3890000 296.77802 -444041.97 -440507.84 18264.3 49.075583 63.924524
3891000 290.68509 -443968.66 -440507.08 18269.8 57.491039 63.908112
3892000 300.03119 -444081.31 -440508.44 18273.8 77.034403 63.941512
3893000 292.4433 -443989.56 -440507.05 18276.3 60.474385 63.932712
3894000 300.70554 -444088 -440507.1 18280.3 47.694565 63.891603
3895000 299.2023 -444070 -440507 18282.6 60.918848 63.884096
3896000 298.1252 -444057.06 -440506.89 18285.9 60.941807 63.876685
3897000 298.1614 -444058.44 -440507.83 18292.3 61.055107 63.869596
3898000 296.8477 -444042.97 -440508.01 18296.9 52.190193 63.840324
3899000 298.31868 -444060.53 -440508.05 18303.7 69.443153 63.854331
3900000 302.44114 -444108.75 -440507.18 18309.6 64.189217 63.855166
3901000 296.32065 -444036.09 -440507.41 18314.4 51.630032 63.824755
3902000 300.3643 -444084.66 -440507.82 18316.4 45.852154 63.780158
3903000 295.63274 -444028.41 -440507.91 18320.8 49.649752 63.745182
3904000 297.72321 -444053.59 -440508.21 18325.9 63.632718 63.744904
3905000 300.00435 -444079.91 -440507.35 18334.1 54.674592 63.722564
3906000 304.83942 -444138 -440507.87 18336.1 55.893969 63.703329
3907000 298.87615 -444067.22 -440508.1 18340.4 54.903332 63.68176
3908000 304.79296 -444137.44 -440507.86 18345 72.391491 63.703055
3909000 297.81495 -444053.84 -440507.36 18350.1 77.063155 63.735641
3910000 295.72617 -444029 -440507.39 18354.6 83.547111 63.783844
3911000 300.65155 -444087.78 -440507.52 18357.8 86.327829 63.838562
3912000 300.01336 -444080 -440507.34 18360 67.597982 63.847665
3913000 297.30675 -444048.31 -440507.88 18364.5 61.311385 63.841539
3914000 296.5287 -444038.56 -440507.4 18366.2 79.512412 63.8793
3915000 298.34184 -444060.91 -440508.15 18371.3 86.781728 63.934354
3916000 297.90717 -444055.34 -440507.77 18379.5 74.0825 63.95869
3917000 300.2774 -444083.62 -440507.82 18385.2 83.378595 64.005149
3918000 301.23789 -444095.91 -440508.66 18389.6 78.351568 64.039389
3919000 303.5665 -444122.81 -440507.84 18393.3 73.129929 64.061033
3920000 303.10835 -444117.91 -440508.39 18400.4 80.76355 64.100706
3921000 299.48899 -444074.5 -440508.08 18404.6 75.013928 64.126567
3922000 302.57755 -444111.53 -440508.34 18411.6 68.578384 64.137091
3923000 300.2887 -444083.22 -440507.28 18416.4 60.428088 64.128344
3924000 303.73556 -444124.69 -440507.7 18421.6 66.549201 64.13404
3925000 298.81341 -444066.06 -440507.69 18423 73.451984 64.155913
3926000 303.2552 -444118.72 -440507.45 18427.2 70.309906 64.170325
3927000 301.8177 -444101.81 -440507.67 18435.2 58.049441 64.156024
3928000 303.64141 -444123.91 -440508.04 18436.8 86.232317 64.207484
3929000 297.15025 -444044.94 -440506.37 18438.6 78.708512 64.241207
3930000 292.38043 -443989.06 -440507.3 18442.7 66.945002 64.247481
3931000 304.08766 -444129.94 -440508.76 18447.8 72.883679 64.267472
3932000 303.09388 -444117.47 -440508.12 18456 72.569492 64.286645
3933000 300.2546 -444083.06 -440507.53 18461 78.997845 64.320542
3934000 300.17204 -444082.03 -440507.48 18466.4 70.81263 64.335466
3935000 298.33952 -444060.25 -440507.52 18470.7 81.120563 64.373964
3936000 295.45779 -444026.5 -440508.09 18476.9 73.926307 64.395823
3937000 296.42632 -444038.25 -440508.31 18481.1 66.34354 64.40027
3938000 297.91724 -444054.97 -440507.27 18486.5 73.31383 64.420574
3939000 301.09447 -444093.25 -440507.72 18490.4 58.018931 64.406025
3940000 296.84312 -444042.22 -440507.31 18494.6 57.70904 64.390839
3941000 295.79502 -444029.72 -440507.29 18496 50.135109 64.358586
3942000 300.66933 -444087.5 -440507.03 18503.1 53.166835 64.333323
3943000 298.77441 -444066.28 -440508.38 18507.1 50.723592 64.30267
3944000 298.8994 -444066.53 -440507.14 18513.7 57.944352 64.288382
3945000 296.58479 -444039.34 -440507.51 18518.3 47.210435 64.25009
3946000 304.6567 -444136.59 -440508.64 18522.8 43.483782 64.203633
3947000 302.09284 -444104.88 -440507.45 18524.9 56.577666 64.186611
3948000 298.08531 -444056.69 -440506.99 18532 58.549194 64.174056
3949000 297.2751 -444047.16 -440507.1 18536.6 61.305989 64.167682
3950000 303.66132 -444123.94 -440507.84 18538.7 66.178086 64.17214
3951000 299.7131 -444076.41 -440507.32 18544.1 53.64706 64.148854
3952000 299.02701 -444068.62 -440507.71 18545.6 44.664394 64.105842
3953000 296.56874 -444039.41 -440507.77 18547.6 64.134851 64.105906
3954000 299.84534 -444076.94 -440506.28 18554.5 63.999196 64.105672
3955000 297.89743 -444055.66 -440508.19 18559.9 60.938843 64.098727
3956000 303.00962 -444116.28 -440507.94 18564.8 53.307137 64.075113
3957000 299.62916 -444075.91 -440507.82 18571.6 60.460462 64.06722
3958000 297.65279 -444051.72 -440507.17 18579.3 66.283132 64.072048
3959000 301.77591 -444101.31 -440507.66 18585.7 62.502215 64.068635
3960000 302.62359 -444112.25 -440508.51 18590.2 59.090283 64.057836
3961000 300.26124 -444083.88 -440508.26 18592.3 51.556672 64.030778
3962000 302.4726 -444109.66 -440507.71 18598 40.460669 63.97987
3963000 299.80182 -444077.88 -440507.73 18599.6 56.605457 63.963977
3964000 295.64213 -444027.81 -440507.21 18604.2 50.012908 63.933975
3965000 301.12157 -444093.38 -440507.52 18609.3 40.039687 63.8827
3966000 295.01115 -444020.97 -440507.88 18613.1 62.299855 63.87931
3967000 300.07771 -444081.31 -440507.89 18617.4 68.91958 63.89008
3968000 300.11373 -444080.47 -440506.61 18619.7 50.547443 63.861631
3969000 296.66551 -444040.84 -440508.05 18621.1 61.316651 63.856216
3970000 302.23682 -444106.09 -440506.96 18623.4 45.166723 63.816536
3971000 294.02832 -444007.72 -440506.33 18627.4 45.136068 63.776958
3972000 300.57384 -444086.78 -440507.45 18629.1 51.403615 63.750799
3973000 301.32684 -444096.47 -440508.17 18635.8 53.072995 63.728272
3974000 303.13767 -444118 -440508.13 18640.7 51.140846 63.701772
3975000 296.45656 -444037.34 -440507.04 18645.6 47.921441 63.66862
3976000 299.48118 -444074.06 -440507.74 18647.8 52.528073 63.645265
3977000 293.36628 -444000.44 -440506.93 18654.7 60.065228 63.637775
3978000 299.21734 -444069.75 -440506.57 18659.8 46.473758 63.601942
3979000 300.23327 -444083.69 -440508.41 18664.2 51.493206 63.576716
3980000 296.97232 -444044.06 -440507.62 18668.3 53.161688 63.555063
3981000 294.56195 -444014.94 -440507.19 18675.3 64.175252 63.556349
3982000 300.48805 -444086.69 -440508.37 18679.5 66.744433 63.56295
3983000 302.12703 -444104.88 -440507.04 18680.9 58.72266 63.552949
3984000 302.34619 -444109.22 -440508.78 18689.8 65.63143 63.557235
3985000 303.18014 -444118.78 -440508.41 18697 76.27357 63.5834
3986000 304.15255 -444130.81 -440508.86 18701.4 70.311222 63.597215
3987000 291.43019 -443977.88 -440507.43 18706.3 67.350142 63.604905
3988000 301.09108 -444093.31 -440507.82 18714.3 91.031383 63.660992
3989000 295.79013 -444030.03 -440507.66 18718.1 81.159577 63.696704
3990000 298.46978 -444061.78 -440507.5 18722.7 75.060751 63.719848
3991000 301.85701 -444101.81 -440507.2 18724.5 79.02985 63.750966
3992000 300.1313 -444082.16 -440508.09 18732 69.732502 63.763099
3993000 302.05334 -444104.78 -440507.83 18735.8 84.075925 63.804218
3994000 297.60164 -444051.94 -440508 18741.6 69.414017 63.815551
3995000 304.13504 -444129.53 -440507.79 18745.8 82.617538 63.853459
3996000 298.98198 -444067.97 -440507.59 18750.1 74.415165 63.874709
3997000 304.35155 -444131.56 -440507.24 18751.9 72.352545 63.891733
3998000 295.56173 -444027.31 -440507.66 18759.2 76.718685 63.917439
3999000 295.60073 -444027.09 -440506.98 18763.8 81.679079 63.952962
4000000 298.61513 -444063.97 -440507.96 18771.6 63.081386 63.951222
